"embedding_row","cells_csv_row","cell_id","gsm","grade","AggrScore","score_delta"
1,2,"GSM7476438_AACTTTCAGGGAAACA-1","GSM7476438","I",-0.0207010516160609,0
2,3,"GSM7476438_AAGACCTTCGGTCTAA-1","GSM7476438","I",-0.0545177190973234,0
3,5,"GSM7476438_AGCGTCGTCTTTAGGG-1","GSM7476438","I",-0.0450801944239223,0
4,7,"GSM7476438_ATCATCTTCAGTACGT-1","GSM7476438","I",-0.0510976717121627,0
5,8,"GSM7476438_ATCATCTTCCCAACGG-1","GSM7476438","I",-0.048654857257947,0
6,9,"GSM7476438_ATGCGATCAAGAAAGG-1","GSM7476438","I",-0.0442736164325924,0
7,10,"GSM7476438_CAGAGAGTCCAACCAA-1","GSM7476438","I",-0.0115454330677337,0
8,13,"GSM7476438_CCAATCCAGATATACG-1","GSM7476438","I",-0.0460096378880639,0
9,16,"GSM7476438_CGTCACTGTGAGGGTT-1","GSM7476438","I",-0.0501003207841857,0
10,18,"GSM7476438_CTCACACAGTCTTGCA-1","GSM7476438","I",0.0134532287075044,0
11,19,"GSM7476438_CTCGTACCACAGACTT-1","GSM7476438","I",-0.0578024483216566,0
12,21,"GSM7476438_CTGCGGACACGCATCG-1","GSM7476438","I",-0.0503903031371011,0
13,22,"GSM7476438_CTGGTCTCACCGCTAG-1","GSM7476438","I",-0.0444608288973976,0
14,23,"GSM7476438_CTGTGCTGTGGGTATG-1","GSM7476438","I",-0.0503319096288571,0
15,24,"GSM7476438_CTTACCGTCTGCAAGT-1","GSM7476438","I",-0.051287605982699,0
16,25,"GSM7476438_CTTCTCTAGTGCCATT-1","GSM7476438","I",-0.0285050622352582,0
17,26,"GSM7476438_CTTTGCGCAAACGCGA-1","GSM7476438","I",-0.039674630525073,0
18,28,"GSM7476438_GAAGCAGAGTAATCCC-1","GSM7476438","I",-0.0480520033043665,0
19,30,"GSM7476438_GACAGAGAGATCTGCT-1","GSM7476438","I",-0.0314939312506912,0
20,31,"GSM7476438_GACGGCTGTATGGTTC-1","GSM7476438","I",-0.0194265917560207,0
21,32,"GSM7476438_GAGCAGAGTTACGCGC-1","GSM7476438","I",-0.0735968595930454,0
22,34,"GSM7476438_GATCAGTAGATACACA-1","GSM7476438","I",0.0240398726724116,0
23,35,"GSM7476438_GCACTCTTCTTTACGT-1","GSM7476438","I",-0.0780289894453714,0
24,36,"GSM7476438_GCGCGATAGTGTCTCA-1","GSM7476438","I",-0.0512069710025881,0
25,38,"GSM7476438_GCTCTGTGTCTCATCC-1","GSM7476438","I",-0.0517015567427424,0
26,39,"GSM7476438_GCTTCCAAGCAGCGTA-1","GSM7476438","I",-0.0415003474124897,0
27,40,"GSM7476438_GGCGTGTGTAGGACAC-1","GSM7476438","I",-0.0383414785346202,0
28,41,"GSM7476438_GGCGTGTTCTTGGGTA-1","GSM7476438","I",-0.086778382706743,0
29,42,"GSM7476438_GGGAGATGTCATATCG-1","GSM7476438","I",-0.0670732896830034,0
30,43,"GSM7476438_GGTGAAGTCGCTGATA-1","GSM7476438","I",-0.0361546662455387,0
31,47,"GSM7476438_GTCTTCGGTGTAAGTA-1","GSM7476438","I",-0.0554922026564805,0
32,48,"GSM7476438_GTGTGCGGTCTAGTGT-1","GSM7476438","I",-0.0389356245747453,0
33,49,"GSM7476438_GTTCATTGTCTCTCTG-1","GSM7476438","I",-0.0585274866692185,0
34,51,"GSM7476438_TCACGAAAGCGTCTAT-1","GSM7476438","I",-0.0596933105973054,0
35,53,"GSM7476438_TCCCGATGTAGGGTAC-1","GSM7476438","I",-0.0101991564205642,0
36,54,"GSM7476438_TCGAGGCAGTGGGCTA-1","GSM7476438","I",-0.0313328995912595,0
37,56,"GSM7476438_TCGTAGATCCGTAGGC-1","GSM7476438","I",-0.0907996310436226,0
38,57,"GSM7476438_TGCCAAACACACATGT-1","GSM7476438","I",-0.0319832529443598,0
39,58,"GSM7476438_TGCCCATGTGCAGACA-1","GSM7476438","I",-0.0429664238750549,0
40,59,"GSM7476438_TGGTTCCCACATCTTT-1","GSM7476438","I",-0.0390922662258672,0
41,61,"GSM7476438_TTAACTCTCTGCAGTA-1","GSM7476438","I",-0.0594346604146248,0
42,62,"GSM7476438_TTATGCTCACGTCAGC-1","GSM7476438","I",-0.0378062280224401,0
43,63,"GSM7476438_TTCGAAGTCTCAAACG-1","GSM7476438","I",-0.0125159491829064,0
44,64,"GSM7476438_TTCGGTCTCCTTGACC-1","GSM7476438","I",-0.0376036348255915,0
45,65,"GSM7476438_TTCTACAGTCAAAGAT-1","GSM7476438","I",-0.0616127032386989,0
46,66,"GSM7476438_TTCTCCTGTGGACGAT-1","GSM7476438","I",-0.0557957668349967,0
47,68,"GSM7476439_AATCCAGTCGAATGCT-1","GSM7476439","I",-0.0679897793992101,0
48,69,"GSM7476439_ACCAGTAAGTGTACGG-1","GSM7476439","I",-0.074476399238844,0
49,70,"GSM7476439_AGAGCTTAGCTAAACA-1","GSM7476439","I",-0.0744961562836034,0
50,71,"GSM7476439_AGGGAGTGTCTACCTC-1","GSM7476439","I",-0.0970417627626848,0
51,73,"GSM7476439_ATAACGCGTTTGTTTC-1","GSM7476439","I",-0.122384076220328,0
52,74,"GSM7476439_ATCATGGCATGAAGTA-1","GSM7476439","I",-0.0782134161208888,0
53,75,"GSM7476439_ATCGAGTGTCGTGGCT-1","GSM7476439","I",-0.112525185371109,0
54,77,"GSM7476439_CAACCTCCAAGCCATT-1","GSM7476439","I",-0.0805844014306627,0
55,78,"GSM7476439_CAGCAGCGTCCGAACC-1","GSM7476439","I",-0.0770516286836966,0
56,79,"GSM7476439_CAGCCGATCTTTACGT-1","GSM7476439","I",-0.103444799195428,0
57,80,"GSM7476439_CAGGTGCTCTCCAGGG-1","GSM7476439","I",-0.0762370145623718,0
58,82,"GSM7476439_CATTATCGTGTTTGTG-1","GSM7476439","I",-0.0588709090769902,0
59,83,"GSM7476439_CCGGTAGAGCAGATCG-1","GSM7476439","I",-0.0466387933863682,0
60,84,"GSM7476439_CCTACCAAGACTACAA-1","GSM7476439","I",-0.0765580913429158,0
61,85,"GSM7476439_CCTAGCTTCCCAGGTG-1","GSM7476439","I",-0.0236811250891157,0
62,86,"GSM7476439_CGACCTTGTAAATACG-1","GSM7476439","I",-0.0537185999976971,0
63,87,"GSM7476439_CGAGCACTCTTCTGGC-1","GSM7476439","I",-0.0572874037831321,0
64,88,"GSM7476439_CGCGGTAGTAAAGGAG-1","GSM7476439","I",-0.108024860494151,0
65,89,"GSM7476439_CTAACTTGTGCTGTAT-1","GSM7476439","I",-0.062401248155125,0
66,90,"GSM7476439_CTCGTACTCAGCCTAA-1","GSM7476439","I",-0.152382966277016,0
67,91,"GSM7476439_GACAGAGCAGATTGCT-1","GSM7476439","I",-0.0877717310177061,0
68,92,"GSM7476439_GGGTTGCGTCCGAATT-1","GSM7476439","I",-0.0912524450711797,0
69,93,"GSM7476439_GGTGTTAAGTGAAGAG-1","GSM7476439","I",-0.0840055511064087,0
70,94,"GSM7476439_TGACTAGTCTTAGAGC-1","GSM7476439","I",-0.0398484549447047,0
71,95,"GSM7476439_TGCCAAACAATCGAAA-1","GSM7476439","I",-0.0276284510875067,0
72,97,"GSM7476439_TGGACGCGTTGTGGCC-1","GSM7476439","I",-0.1001581906549,0
73,99,"GSM7476440_AACCATGAGATGCCAG-1","GSM7476440","I",-0.0975719457505798,0
74,101,"GSM7476440_AACTTTCGTACCGAGA-1","GSM7476440","I",-0.0887056984626985,0
75,103,"GSM7476440_ACATCAGCAAGGTTCT-1","GSM7476440","I",-0.0940988706586656,0
76,104,"GSM7476440_ACGATGTCACCGATAT-1","GSM7476440","I",-0.122673466274376,0
77,105,"GSM7476440_ACGGGCTAGCAATATG-1","GSM7476440","I",-0.0550338052468426,0
78,106,"GSM7476440_ACGTCAATCGGTTCGG-1","GSM7476440","I",0.0038600226892191,3.98986399474666e-17
79,107,"GSM7476440_AGATCTGGTTGCCTCT-1","GSM7476440","I",-0.0456704552566326,0
80,110,"GSM7476440_AGTCTTTTCAGCGACC-1","GSM7476440","I",-0.0879948610636118,0
81,113,"GSM7476440_ATGTGTGTCTATCCTA-1","GSM7476440","I",-0.101979163771992,0
82,114,"GSM7476440_ATTGGACGTCTGATTG-1","GSM7476440","I",-0.0175886984292387,0
83,115,"GSM7476440_CACCAGGTCATTGCGA-1","GSM7476440","I",-0.10086565503764,0
84,116,"GSM7476440_CACCTTGGTAGCTGCC-1","GSM7476440","I",-0.147767564581105,0
85,117,"GSM7476440_CACTCCAAGCCGGTAA-1","GSM7476440","I",-0.0639005999146445,0
86,118,"GSM7476440_CATTCGCGTGTTTGGT-1","GSM7476440","I",-0.115506096073477,0
87,119,"GSM7476440_CCACGGATCTGGCGAC-1","GSM7476440","I",-0.0258966580807513,0
88,122,"GSM7476440_CCTAGCTCACCCATGG-1","GSM7476440","I",-0.0466512231561911,0
89,123,"GSM7476440_CCTAGCTGTCCCTTGT-1","GSM7476440","I",-0.100900826604595,0
90,124,"GSM7476440_CGAACATCACCATGTA-1","GSM7476440","I",-0.0476640097102727,0
91,126,"GSM7476440_CGAGCACGTACAGTTC-1","GSM7476440","I",-0.0963002504430777,0
92,127,"GSM7476440_CGATGGCGTCCTCTTG-1","GSM7476440","I",-0.0916564765826523,0
93,129,"GSM7476440_CGGACGTTCACATGCA-1","GSM7476440","I",-0.058543016347283,0
94,130,"GSM7476440_CTAATGGGTGATGATA-1","GSM7476440","I",-0.0582709212188076,0
95,133,"GSM7476440_CTAGTGAAGGCATGTG-1","GSM7476440","I",-0.0709392180251194,0
96,135,"GSM7476440_CTGATAGCACGTTGGC-1","GSM7476440","I",0.0705452156037208,0
97,136,"GSM7476440_CTTACCGCAATGGATA-1","GSM7476440","I",-0.139851854824352,0
98,137,"GSM7476440_CTTAGGACAATAGAGT-1","GSM7476440","I",-0.0088301582750753,5.89805981832114e-17
99,139,"GSM7476440_GAAATGAAGTCCTCCT-1","GSM7476440","I",-0.0931063228313851,0
100,141,"GSM7476440_GAACGGATCGCGGATC-1","GSM7476440","I",-0.0968342731961156,0
101,145,"GSM7476440_GCAGCCACAGTAGAGC-1","GSM7476440","I",-0.0907000761698485,0
102,146,"GSM7476440_GCATACACAGAGTGTG-1","GSM7476440","I",-0.0637996127334297,0
103,148,"GSM7476440_GGACATTCATTAGGCT-1","GSM7476440","I",-0.136337708115815,0
104,149,"GSM7476440_GGCAATTTCCGCGCAA-1","GSM7476440","I",-0.100086428722254,0
105,151,"GSM7476440_GGCGTGTGTGACTCAT-1","GSM7476440","I",-0.0504531988580547,0
106,152,"GSM7476440_GTAGTCATCGCTGATA-1","GSM7476440","I",-0.057237820872476,0
107,153,"GSM7476440_GTCGTAACACGGACAA-1","GSM7476440","I",-0.0241859990861588,0
108,154,"GSM7476440_GTCTTCGGTTTGTTGG-1","GSM7476440","I",-0.0890576478187331,0
109,157,"GSM7476440_TAGGCATCATGGTCTA-1","GSM7476440","I",-0.0534432305705873,0
110,158,"GSM7476440_TATGCCCAGCACACAG-1","GSM7476440","I",-0.0909620278491669,0
111,159,"GSM7476440_TCAACGATCAGTGTTG-1","GSM7476440","I",-0.067822885555738,0
112,161,"GSM7476440_TCGAGGCCAGATGGCA-1","GSM7476440","I",-0.061920418539385,0
113,162,"GSM7476440_TCTATTGAGCCACTAT-1","GSM7476440","I",-0.060959804692266,0
114,172,"GSM7476440_TTCTTAGTCCCATTTA-1","GSM7476440","I",-0.0789889252947639,0
115,173,"GSM7476440_TTGAACGGTGATAAGT-1","GSM7476440","I",-0.111579172468974,0
116,175,"GSM7476440_TTTCCTCGTATGAATG-1","GSM7476440","I",0.0458842314752529,0
117,179,"GSM7476441_AAAGATGGTTCCCGAG-1","GSM7476441","I",-0.0045871169545088,3.98986399474666e-17
118,180,"GSM7476441_AAAGTAGTCTGCTTGC-1","GSM7476441","I",0.034999134637006,0
119,181,"GSM7476441_AAATGCCAGGCCATAG-1","GSM7476441","I",-0.0137273717684924,0
120,182,"GSM7476441_AATCCAGCACCATCCT-1","GSM7476441","I",-0.0053491950760963,2.94902990916057e-17
121,183,"GSM7476441_ACCGTAAAGCGTAGTG-1","GSM7476441","I",0.0067851134649713,7.97972798949331e-17
122,184,"GSM7476441_ACCTTTAGTCATGCAT-1","GSM7476441","I",-0.0105303550793369,0
123,185,"GSM7476441_ACGCAGCAGAGGGCTT-1","GSM7476441","I",0.0183747216046381,0
124,186,"GSM7476441_ACTGCTCAGAGACGAA-1","GSM7476441","I",-0.0165701728853686,0
125,188,"GSM7476441_AGCGGTCCAGGGTTAG-1","GSM7476441","I",-0.0300741263641572,0
126,190,"GSM7476441_AGGCCGTGTCGGGTCT-1","GSM7476441","I",0.0088889919656495,3.98986399474666e-17
127,191,"GSM7476441_ATCATGGCAGTCCTTC-1","GSM7476441","I",0.007426208392469,7.02563007770607e-17
128,197,"GSM7476441_CAAGGCCTCAGAGCTT-1","GSM7476441","I",-0.075744536792827,0
129,199,"GSM7476441_CAGATCATCCGTAGTA-1","GSM7476441","I",-0.0514856881722526,0
130,201,"GSM7476441_CATATTCTCGCCAAAT-1","GSM7476441","I",-0.0298809195489735,0
131,202,"GSM7476441_CCGGTAGGTAAACACA-1","GSM7476441","I",-0.0104524101345286,0
132,204,"GSM7476441_CCTTCCCTCAGAGCTT-1","GSM7476441","I",0.0633107401154566,0
133,205,"GSM7476441_CGAGAAGAGAGCTTCT-1","GSM7476441","I",-0.0174706340028746,0
134,207,"GSM7476441_CGATTGACATCCTAGA-1","GSM7476441","I",-0.0080384704813181,3.98986399474666e-17
135,211,"GSM7476441_CTACGTCAGATGGGTC-1","GSM7476441","I",0.0189272624300004,0
136,215,"GSM7476441_GAGCAGAAGTGTTAGA-1","GSM7476441","I",-0.0423961244348838,0
137,216,"GSM7476441_GATCTAGAGCATCATC-1","GSM7476441","I",-0.0338221862674647,0
138,220,"GSM7476441_GGAATAAAGAAGGTTT-1","GSM7476441","I",0.0116889790979844,0
139,221,"GSM7476441_GGGATGACATGGTAGG-1","GSM7476441","I",-0.0119141087751296,0
140,223,"GSM7476441_GTTCGGGCACCACGTG-1","GSM7476441","I",-0.0162642532305109,0
141,226,"GSM7476441_TACTCATGTAGGCATG-1","GSM7476441","I",-0.0156397729253808,0
142,227,"GSM7476441_TAGAGCTAGCCCTAAT-1","GSM7476441","I",-0.02444730928636,0
143,228,"GSM7476441_TCGAGGCAGTCTCCTC-1","GSM7476441","I",0.0758151956059477,0
144,234,"GSM7476441_TTTGGTTCATTGGGCC-1","GSM7476441","I",-0.0308114267399647,0
145,235,"GSM7476441_TTTGTCAAGAGGTACC-1","GSM7476441","I",-0.0648799128963097,0
146,236,"GSM7476442_AAACGGGAGGAATTAC-1","GSM7476442","I",-0.0941045216174379,0
147,237,"GSM7476442_AAATGCCAGGAGTCTG-1","GSM7476442","I",-0.163629050925902,0
148,239,"GSM7476442_AACCGCGCATGTTGAC-1","GSM7476442","I",-0.143281259525939,0
149,240,"GSM7476442_AACTTTCCACCGCTAG-1","GSM7476442","I",-0.208004427820422,0
150,243,"GSM7476442_ACCCACTGTGAAATCA-1","GSM7476442","I",-0.137306483317334,0
151,244,"GSM7476442_ACCGTAAAGGATGTAT-1","GSM7476442","I",-0.197192539528501,0
152,245,"GSM7476442_ACGGGCTGTGAGGCTA-1","GSM7476442","I",-0.0751997498068507,0
153,246,"GSM7476442_ACTGAACTCAACACGT-1","GSM7476442","I",-0.103338488809115,0
154,248,"GSM7476442_ACTGATGGTCATGCAT-1","GSM7476442","I",-0.161966044241378,0
155,251,"GSM7476442_AGATCTGTCGGATGGA-1","GSM7476442","I",-0.119015077080396,0
156,254,"GSM7476442_AGTAGTCCACCGATAT-1","GSM7476442","I",-0.193305560425017,0
157,256,"GSM7476442_ATCACGATCCTTCAAT-1","GSM7476442","I",-0.148507100226442,0
158,257,"GSM7476442_ATCTACTTCTATCCTA-1","GSM7476442","I",-0.159178318070927,0
159,259,"GSM7476442_ATCTGCCTCTGACCTC-1","GSM7476442","I",-0.167251436188557,0
160,260,"GSM7476442_ATTGGACTCAGCATGT-1","GSM7476442","I",-0.108176372624241,0
161,262,"GSM7476442_CAAGATCAGACAAAGG-1","GSM7476442","I",-0.166317388093915,0
162,263,"GSM7476442_CAAGATCGTGACTCAT-1","GSM7476442","I",-0.147369868465941,0
163,264,"GSM7476442_CAAGTTGGTGTCCTCT-1","GSM7476442","I",-0.108946924444199,0
164,265,"GSM7476442_CACACAATCGTTGACA-1","GSM7476442","I",-0.18654238573331,0
165,266,"GSM7476442_CACACTCGTAGCGCTC-1","GSM7476442","I",-0.137346843767744,0
166,267,"GSM7476442_CACACTCGTTCGCGAC-1","GSM7476442","I",-0.121661773610937,0
167,270,"GSM7476442_CACTCCACAGCATACT-1","GSM7476442","I",-0.201431789186601,0
168,272,"GSM7476442_CAGCTGGTCAGGCGAA-1","GSM7476442","I",-0.149976754963616,0
169,273,"GSM7476442_CAGGTGCTCCGCATCT-1","GSM7476442","I",0.0799015367913323,0
170,274,"GSM7476442_CATGACAAGTTTAGGA-1","GSM7476442","I",-0.0482404433374674,0
171,275,"GSM7476442_CATGACAGTTCGGGCT-1","GSM7476442","I",-0.0958912609408976,0
172,276,"GSM7476442_CATGCCTTCACCTCGT-1","GSM7476442","I",-0.18848349814888,0
173,279,"GSM7476442_CCCAATCTCATCGATG-1","GSM7476442","I",-0.152858383786642,0
174,280,"GSM7476442_CCCATACGTCTGCAAT-1","GSM7476442","I",-0.128772899621172,0
175,281,"GSM7476442_CCGTTCAGTCCAGTTA-1","GSM7476442","I",-0.194681437919269,0
176,282,"GSM7476442_CCTATTAAGCGTGAAC-1","GSM7476442","I",-0.0834759980282726,0
177,283,"GSM7476442_CCTATTATCACCTTAT-1","GSM7476442","I",-0.185467058287744,0
178,284,"GSM7476442_CCTCAGTAGTTATCGC-1","GSM7476442","I",-0.221871718037323,0
179,285,"GSM7476442_CCTTACGAGCGCTTAT-1","GSM7476442","I",-0.210927004239586,0
180,287,"GSM7476442_CGAACATGTATGCTTG-1","GSM7476442","I",-0.106518350839098,0
181,288,"GSM7476442_CGAATGTTCAGTTGAC-1","GSM7476442","I",-0.107907687196496,0
182,289,"GSM7476442_CGAGCACAGCTCCTTC-1","GSM7476442","I",-0.169250526793547,0
183,290,"GSM7476442_CGATGTATCTTGACGA-1","GSM7476442","I",-0.180094011282867,0
184,291,"GSM7476442_CGCCAAGCAGCGTAAG-1","GSM7476442","I",-0.141119292624346,0
185,293,"GSM7476442_CGCTGGAAGCGTAATA-1","GSM7476442","I",-0.0865535707144858,0
186,295,"GSM7476442_CGTCTACGTCCTCTTG-1","GSM7476442","I",-0.157457939190249,0
187,296,"GSM7476442_CGTGTAAAGCGCTTAT-1","GSM7476442","I",-0.0664556527965566,0
188,297,"GSM7476442_CGTGTCTGTCACAAGG-1","GSM7476442","I",-0.162876747662149,0
189,298,"GSM7476442_CGTTGGGAGGATATAC-1","GSM7476442","I",-0.160156263792537,0
190,300,"GSM7476442_CTCAGAATCAGCACAT-1","GSM7476442","I",0.0747972686522942,0
191,301,"GSM7476442_CTCATTATCGTCGTTC-1","GSM7476442","I",-0.0838897238583547,0
192,302,"GSM7476442_CTCTACGCAGGGAGAG-1","GSM7476442","I",-0.16544905168897,0
193,303,"GSM7476442_CTGAAGTGTAATCGTC-1","GSM7476442","I",0.0062653646772415,8.06646416329215e-17
194,306,"GSM7476442_CTTAGGAGTACTCGCG-1","GSM7476442","I",0.229178292790269,0
195,307,"GSM7476442_CTTTGCGAGGCACATG-1","GSM7476442","I",-0.137635755863858,0
196,308,"GSM7476442_GACAGAGAGATCACGG-1","GSM7476442","I",-0.117247994268083,0
197,310,"GSM7476442_GACTACACAGACGCTC-1","GSM7476442","I",-0.125356015449652,0
198,313,"GSM7476442_GATCGCGAGGCTCAGA-1","GSM7476442","I",-0.0966867105296628,0
199,315,"GSM7476442_GCACATAAGGACCACA-1","GSM7476442","I",-0.113086136368952,0
200,319,"GSM7476442_GCGAGAAGTCTGGTCG-1","GSM7476442","I",-0.121534075006949,0
201,320,"GSM7476442_GCGGGTTGTCTAGGTT-1","GSM7476442","I",-0.108952089540746,0
202,323,"GSM7476442_GGACGTCTCCAAACAC-1","GSM7476442","I",-0.0809922397394011,0
203,324,"GSM7476442_GGGAGATAGCTGAAAT-1","GSM7476442","I",-0.12089673304845,0
204,325,"GSM7476442_GGGTTGCGTCAGAAGC-1","GSM7476442","I",-0.176364678570584,0
205,327,"GSM7476442_GGTGTTATCAGCATGT-1","GSM7476442","I",0.056097094444538,0
206,329,"GSM7476442_GTAACGTCATCCCACT-1","GSM7476442","I",-0.090159287755204,0
207,330,"GSM7476442_GTAACGTGTTGGTGGA-1","GSM7476442","I",-0.113044262334639,0
208,331,"GSM7476442_GTACTTTGTGTGAAAT-1","GSM7476442","I",-0.166321904205861,0
209,333,"GSM7476442_GTCACGGGTGGCAAAC-1","GSM7476442","I",-0.0402868462477361,0
210,337,"GSM7476442_GTCTTCGGTCACCTAA-1","GSM7476442","I",-0.109148275901066,0
211,338,"GSM7476442_GTGAAGGAGACCACGA-1","GSM7476442","I",-0.311522468421961,0
212,340,"GSM7476442_GTTACAGCAAGTCTAC-1","GSM7476442","I",-0.16662484075427,0
213,343,"GSM7476442_TACCTATTCCTTTACA-1","GSM7476442","I",-0.10840532497612,0
214,344,"GSM7476442_TACCTTAGTGAGGGAG-1","GSM7476442","I",-0.168929995579922,0
215,345,"GSM7476442_TACCTTATCTAGAGTC-1","GSM7476442","I",-0.115447561270522,0
216,346,"GSM7476442_TAGACCAAGACCTAGG-1","GSM7476442","I",-0.187031052092883,0
217,347,"GSM7476442_TAGTTGGAGCGTGAAC-1","GSM7476442","I",0.0907626123123336,0
218,348,"GSM7476442_TATGCCCGTGTGGTTT-1","GSM7476442","I",-0.243402211369982,0
219,350,"GSM7476442_TCAGCTCAGCACCGTC-1","GSM7476442","I",-0.0974693048498496,0
220,352,"GSM7476442_TCATTACAGCGGATCA-1","GSM7476442","I",-0.161348339908525,0
221,353,"GSM7476442_TCATTACCACGAAGCA-1","GSM7476442","I",-0.171635636513915,0
222,354,"GSM7476442_TCGGTAAGTGAACCTT-1","GSM7476442","I",-0.0806896250774909,0
223,355,"GSM7476442_TCTCTAACATGGTCTA-1","GSM7476442","I",-0.259775919427273,0
224,357,"GSM7476442_TGACAACCACAACTGT-1","GSM7476442","I",-0.0992541487152361,0
225,358,"GSM7476442_TGACTAGCATCGGTTA-1","GSM7476442","I",-0.121143563436286,0
226,360,"GSM7476442_TGAGGGAAGAGGTACC-1","GSM7476442","I",-0.143159818730231,0
227,361,"GSM7476442_TGCGGGTCATCATCCC-1","GSM7476442","I",-0.17457055259418,0
228,365,"GSM7476442_TTGACTTCAACCGCCA-1","GSM7476442","I",-0.145690189233276,0
229,366,"GSM7476442_TTGACTTTCCCTCTTT-1","GSM7476442","I",-0.0357581081492787,0
230,367,"GSM7476443_AAAGTAGCACGGTTTA-1","GSM7476443","I",-0.0359853247443001,0
231,369,"GSM7476443_ACCGTAACAGTCGATT-1","GSM7476443","I",-0.0659971040367758,0
232,370,"GSM7476443_ATAAGAGCAGTGAGTG-1","GSM7476443","I",-0.0742611418169166,0
233,371,"GSM7476443_ATGAGGGAGAGCTATA-1","GSM7476443","I",-0.0828711999517908,0
234,372,"GSM7476443_ATTATCCTCACAACGT-1","GSM7476443","I",-0.0697954661048127,0
235,373,"GSM7476443_CAAGAAACAATGGTCT-1","GSM7476443","I",-0.0519284365951947,0
236,376,"GSM7476443_CATTCGCGTGCAGGTA-1","GSM7476443","I",-0.040978649587421,0
237,377,"GSM7476443_CCAATCCAGCCGGTAA-1","GSM7476443","I",-0.0466826311360352,0
238,379,"GSM7476443_CCTACACGTAGTAGTA-1","GSM7476443","I",-0.0637427686142279,0
239,380,"GSM7476443_CCTACCATCCTTGACC-1","GSM7476443","I",-0.0512392370308354,0
240,382,"GSM7476443_CCTCTGAGTCTCAACA-1","GSM7476443","I",-0.0717765028085568,0
241,383,"GSM7476443_CGAATGTAGACTACAA-1","GSM7476443","I",-0.0737143859417412,0
242,384,"GSM7476443_CGATCGGTCACATAGC-1","GSM7476443","I",-0.0668642022144663,0
243,385,"GSM7476443_CGATGGCGTGCCTGGT-1","GSM7476443","I",-0.0383120029272112,0
244,388,"GSM7476443_CGTAGCGGTTCGAATC-1","GSM7476443","I",-0.0622644590013838,0
245,389,"GSM7476443_CGTAGGCTCATAACCG-1","GSM7476443","I",-0.0507539927912577,0
246,391,"GSM7476443_CGTTGGGCATAGTAAG-1","GSM7476443","I",-0.0503191447506682,0
247,392,"GSM7476443_CTCAGAACATTAGGCT-1","GSM7476443","I",-0.0760510243792119,0
248,393,"GSM7476443_CTCGTCAAGATATGGT-1","GSM7476443","I",-0.0444141861742405,0
249,395,"GSM7476443_GACAGAGCAATACGCT-1","GSM7476443","I",-0.0909018509231223,0
250,396,"GSM7476443_GACTACAAGGAGCGAG-1","GSM7476443","I",-0.0677173533789009,0
251,399,"GSM7476443_GCATGCGGTTGGACCC-1","GSM7476443","I",-0.024858098080893,0
252,401,"GSM7476443_GGGTCTGCAAGTTGTC-1","GSM7476443","I",-0.0228390408597397,0
253,404,"GSM7476443_GTCGGGTTCGCTAGCG-1","GSM7476443","I",-0.077750937098558,0
254,405,"GSM7476443_TAAGCGTTCAGTGCAT-1","GSM7476443","I",-0.0371473825309093,0
255,406,"GSM7476443_TCAGATGTCTTCATGT-1","GSM7476443","I",-0.102499468327937,0
256,407,"GSM7476443_TCAGCTCAGAGGTACC-1","GSM7476443","I",-0.0565166815754033,0
257,408,"GSM7476443_TCCACACAGCCACGTC-1","GSM7476443","I",-0.050374620210523,0
258,409,"GSM7476443_TCGGTAAGTTGGAGGT-1","GSM7476443","I",-0.0334657835285425,0
259,410,"GSM7476443_TGCTGCTAGGCGACAT-1","GSM7476443","I",-0.0673648278584794,0
260,411,"GSM7476443_TGCTGCTCACCTGGTG-1","GSM7476443","I",-0.060391521019435,0
261,412,"GSM7476443_TGGCGCAGTAAGGATT-1","GSM7476443","I",-0.0171111520376417,0
262,413,"GSM7476443_TGGCTGGTCCGGGTGT-1","GSM7476443","I",-0.0497736590320397,0
263,414,"GSM7476443_TGTTCCGGTGCTAGCC-1","GSM7476443","I",-0.033644256419543,0
264,415,"GSM7476443_TTCTCAAAGCCGCCTA-1","GSM7476443","I",0.0287255537415728,0
265,416,"GSM7476443_TTGGAACTCACAAACC-1","GSM7476443","I",-0.0574348559639829,0
266,418,"GSM7476444_AAAGCAACATTCCTGC-1","GSM7476444","I",-0.0948302487200094,0
267,419,"GSM7476444_AACACGTGTTGCGCAC-1","GSM7476444","I",-0.074254577327825,0
268,420,"GSM7476444_AACCATGAGAGGTTGC-1","GSM7476444","I",0.0825772964289764,0
269,421,"GSM7476444_AACGTTGCAGTAAGAT-1","GSM7476444","I",-0.0005570119543321,5.49690501450151e-17
270,423,"GSM7476444_AACTCTTGTAAGAGAG-1","GSM7476444","I",-0.0485068972523985,0
271,424,"GSM7476444_AACTGGTCAGCCTTGG-1","GSM7476444","I",-0.0444205073211531,0
272,425,"GSM7476444_AAGGTTCTCAGAGGTG-1","GSM7476444","I",-0.0470694585027968,0
273,426,"GSM7476444_AATCCAGAGCTTATCG-1","GSM7476444","I",-0.0419873952324931,0
274,427,"GSM7476444_AATCGGTAGCACACAG-1","GSM7476444","I",-0.0731137927226646,0
275,428,"GSM7476444_AATCGGTAGTATCTCG-1","GSM7476444","I",-0.0080749749105773,7.97972798949331e-17
276,429,"GSM7476444_ACATCAGCATTCTTAC-1","GSM7476444","I",-0.147850402799951,0
277,430,"GSM7476444_ACATCAGGTAGAGGAA-1","GSM7476444","I",-0.0625645832238845,0
278,432,"GSM7476444_ACCTTTACACCGAAAG-1","GSM7476444","I",-0.0648403497821154,0
279,434,"GSM7476444_ACGATACGTGACCAAG-1","GSM7476444","I",-0.0874963323536731,0
280,436,"GSM7476444_ACGGCCAAGTGGGTTG-1","GSM7476444","I",-0.0709534496518526,0
281,437,"GSM7476444_ACGGGCTGTAGTGAAT-1","GSM7476444","I",-0.0651533683794253,0
282,440,"GSM7476444_ACTTACTGTTCGGGCT-1","GSM7476444","I",-0.0882612105575671,0
283,441,"GSM7476444_AGAGTGGCAAGCCATT-1","GSM7476444","I",-0.0394771095970872,0
284,443,"GSM7476444_AGCTTGATCCGTACAA-1","GSM7476444","I",-0.0501444915265322,0
285,444,"GSM7476444_AGCTTGATCTCTGCTG-1","GSM7476444","I",-0.0543015948334826,0
286,445,"GSM7476444_AGGTCCGAGAGCTATA-1","GSM7476444","I",-0.0604443197262789,0
287,446,"GSM7476444_AGTCTTTCATCGGTTA-1","GSM7476444","I",0.0018819376245647,5.98479599211998e-17
288,450,"GSM7476444_ATCATGGCACAGTCGC-1","GSM7476444","I",-0.0126616193643205,0
289,451,"GSM7476444_ATCCACCAGTTTCCTT-1","GSM7476444","I",-0.158713040367035,0
290,452,"GSM7476444_ATGAGGGCAATCTACG-1","GSM7476444","I",-0.0648003943232161,0
291,453,"GSM7476444_ATGAGGGTCTCAAGTG-1","GSM7476444","I",-0.0582401807336956,0
292,454,"GSM7476444_ATTACTCCACATTTCT-1","GSM7476444","I",-0.0264966950840832,0
293,457,"GSM7476444_CAACTAGGTCTCCATC-1","GSM7476444","I",-0.0675540124753284,0
294,458,"GSM7476444_CAAGTTGTCTTAGCCC-1","GSM7476444","I",-0.0464675041473094,0
295,459,"GSM7476444_CACAGTACATTCACTT-1","GSM7476444","I",-0.0656684220553146,0
296,460,"GSM7476444_CACATAGTCAGCTTAG-1","GSM7476444","I",-0.124535339110774,0
297,461,"GSM7476444_CACCACTGTTTCGCTC-1","GSM7476444","I",-0.0813009830651966,0
298,462,"GSM7476444_CAGATCACATTTCACT-1","GSM7476444","I",-0.0932079643071205,0
299,463,"GSM7476444_CAGCATATCGTTACGA-1","GSM7476444","I",-0.0242609005868028,0
300,464,"GSM7476444_CAGCGACCAGTATCTG-1","GSM7476444","I",-0.0997542473898587,0
301,465,"GSM7476444_CATCAAGAGCCCTAAT-1","GSM7476444","I",-0.0441310440572655,0
302,469,"GSM7476444_CCACCTACAAGCTGAG-1","GSM7476444","I",-0.0676873052051813,0
303,470,"GSM7476444_CCAGCGAAGATATGCA-1","GSM7476444","I",-0.0832319541284011,0
304,473,"GSM7476444_CGACCTTAGAGTAAGG-1","GSM7476444","I",-0.0750619696120371,0
305,474,"GSM7476444_CGAGAAGTCACAAACC-1","GSM7476444","I",0.205026621938147,0
306,475,"GSM7476444_CGAGCACTCCGAACGC-1","GSM7476444","I",-0.0564839013238887,0
307,477,"GSM7476444_CGCGTTTAGGTCATCT-1","GSM7476444","I",-0.0092739230302912,6.93889390390723e-17
308,478,"GSM7476444_CGGAGCTGTAAGTGGC-1","GSM7476444","I",-0.0732084792076219,0
309,481,"GSM7476444_CTAACTTTCCCTCTTT-1","GSM7476444","I",-0.0451200033431972,0
310,482,"GSM7476444_CTAATGGTCTTCGAGA-1","GSM7476444","I",-0.0628190613364177,0
311,487,"GSM7476444_CTCCTAGCATTCACTT-1","GSM7476444","I",-0.0308554443685932,0
312,488,"GSM7476444_CTCGTCACACGAGGTA-1","GSM7476444","I",-0.0995623620980172,0
313,490,"GSM7476444_CTCTACGAGGGCTCTC-1","GSM7476444","I",-0.0352469177585078,0
314,491,"GSM7476444_CTCTGGTTCTCTGTCG-1","GSM7476444","I",-0.103325994108584,0
315,493,"GSM7476444_CTGTTTATCGGTTCGG-1","GSM7476444","I",-0.0918287061988984,0
316,496,"GSM7476444_GATCTAGAGACTTGAA-1","GSM7476444","I",-0.0523139945103022,0
317,497,"GSM7476444_GATCTAGGTAGCTTGT-1","GSM7476444","I",-0.0933672834122845,0
318,498,"GSM7476444_GCACTCTTCAACGAAA-1","GSM7476444","I",-0.0784732125108911,0
319,499,"GSM7476444_GCAGTTAAGGGAAACA-1","GSM7476444","I",-0.0270645370053622,0
320,500,"GSM7476444_GCAGTTAGTGATAAAC-1","GSM7476444","I",-0.0886793482166192,0
321,501,"GSM7476444_GCCTCTACATTGGCGC-1","GSM7476444","I",-0.0951314350468587,0
322,503,"GSM7476444_GCGAGAACATCTATGG-1","GSM7476444","I",-0.0786676336327179,0
323,504,"GSM7476444_GCGCAACGTCACACGC-1","GSM7476444","I",0.014629838848264,0
324,506,"GSM7476444_GCTGCTTCAAACCCAT-1","GSM7476444","I",-0.0630546519502369,0
325,507,"GSM7476444_GCTGCTTGTAAGTAGT-1","GSM7476444","I",-0.0338895853810032,0
326,509,"GSM7476444_GGATGTTTCTCGAGTA-1","GSM7476444","I",-0.0716096714909694,0
327,510,"GSM7476444_GGCAATTGTCAAAGCG-1","GSM7476444","I",-0.0414379860511395,0
328,513,"GSM7476444_GGGTCTGTCAGATAAG-1","GSM7476444","I",-0.0954485892984511,0
329,514,"GSM7476444_GGGTTGCGTAGAGTGC-1","GSM7476444","I",-0.0401147044656061,0
330,515,"GSM7476444_GGGTTGCGTAGTAGTA-1","GSM7476444","I",-0.106488689110061,0
331,516,"GSM7476444_GGTATTGTCCATGAAC-1","GSM7476444","I",-0.051409223748213,0
332,517,"GSM7476444_GGTGTTAGTGGTCTCG-1","GSM7476444","I",-0.100919960042162,0
333,519,"GSM7476444_GTAACGTTCTGTACGA-1","GSM7476444","I",-0.0731178720822531,0
334,521,"GSM7476444_GTATCTTTCAGCGATT-1","GSM7476444","I",-0.0639239672316684,0
335,524,"GSM7476444_GTCCTCAGTTGACGTT-1","GSM7476444","I",-0.0844777732009102,0
336,525,"GSM7476444_GTCCTCATCCAAAGTC-1","GSM7476444","I",-0.0581606586082181,0
337,526,"GSM7476444_GTCTCGTCAACCGCCA-1","GSM7476444","I",-0.0675489984471864,0
338,528,"GSM7476444_GTGCATAGTGGTACAG-1","GSM7476444","I",-0.0311972210088231,0
339,529,"GSM7476444_GTTAAGCCAATAGCGG-1","GSM7476444","I",-0.0748630839341118,0
340,531,"GSM7476444_GTTCATTGTCCGAAGA-1","GSM7476444","I",-0.0510076924216087,0
341,532,"GSM7476444_GTTCGGGCATGACATC-1","GSM7476444","I",-0.0263913321193682,0
342,533,"GSM7476444_GTTCTCGCACCTGGTG-1","GSM7476444","I",-0.0542405107229322,0
343,534,"GSM7476444_TAAGAGAGTGACTACT-1","GSM7476444","I",-0.0478407095820146,0
344,536,"GSM7476444_TACCTATAGCTACCGC-1","GSM7476444","I",-0.0773351312257061,0
345,538,"GSM7476444_TCAATCTAGCCCGAAA-1","GSM7476444","I",-0.0404163211435252,0
346,539,"GSM7476444_TCAGCAATCTGGTGTA-1","GSM7476444","I",-0.0471476208030868,0
347,540,"GSM7476444_TCAGGATTCTCCAGGG-1","GSM7476444","I",-0.0025297938140015,9.97465998686664e-18
348,542,"GSM7476444_TCCCGATCACTCAGGC-1","GSM7476444","I",-0.0206926586755633,0
349,543,"GSM7476444_TCGAGGCAGCTGTTCA-1","GSM7476444","I",-0.0405092551695932,0
350,544,"GSM7476444_TCGCGTTAGTCTTGCA-1","GSM7476444","I",-0.0656049547707316,0
351,545,"GSM7476444_TCGGGACAGGCTACGA-1","GSM7476444","I",-0.050877991698902,0
352,546,"GSM7476444_TCGGGACAGTCTCGGC-1","GSM7476444","I",-0.101240393013993,0
353,548,"GSM7476444_TGACTTTGTTAAGTAG-1","GSM7476444","I",-0.0452170881730417,0
354,550,"GSM7476444_TGCCAAACATCTATGG-1","GSM7476444","I",-0.0440173659794058,0
355,554,"GSM7476444_TGGGCGTGTCCGAGTC-1","GSM7476444","I",0.103738771822074,0
356,555,"GSM7476444_TGTCCCAGTTCCGGCA-1","GSM7476444","I",-0.0734069855367212,0
357,556,"GSM7476444_TGTTCCGTCATCTGCC-1","GSM7476444","I",-0.0715299111237251,0
358,557,"GSM7476444_TTAACTCCAGCTGCTG-1","GSM7476444","I",-0.0361125959776987,0
359,558,"GSM7476444_TTATGCTTCCTAGTGA-1","GSM7476444","I",-0.0572697901896291,0
360,559,"GSM7476444_TTCCCAGTCAACACTG-1","GSM7476444","I",-0.055925781461293,0
361,560,"GSM7476444_TTCGAAGAGGTGGGTT-1","GSM7476444","I",-0.0374843917444679,0
362,561,"GSM7476444_TTCTCCTAGTGAAGAG-1","GSM7476444","I",-0.0482080818637508,0
363,563,"GSM7476444_TTTGTCATCCGGCACA-1","GSM7476444","I",-0.071502566131883,0
364,564,"GSM7476445_AACACGTAGTCAAGGC-1","GSM7476445","I",-0.157313789765731,0
365,565,"GSM7476445_ACCTTTACAGTCGTGC-1","GSM7476445","I",-0.101822977068052,0
366,567,"GSM7476445_AGCATACAGCTGCGAA-1","GSM7476445","I",-0.0447420866818457,0
367,568,"GSM7476445_AGCATACTCGGCTTGG-1","GSM7476445","I",-0.146384538914057,0
368,569,"GSM7476445_AGCGGTCTCACCACCT-1","GSM7476445","I",-0.109306039032869,0
369,570,"GSM7476445_AGGCCACGTAATCGTC-1","GSM7476445","I",-0.0978293139681891,0
370,571,"GSM7476445_ATGAGGGCAAAGAATC-1","GSM7476445","I",-0.0288002660438055,0
371,572,"GSM7476445_CACAAACTCCAGTAGT-1","GSM7476445","I",-0.101105511250238,0
372,573,"GSM7476445_CAGTAACCACATAACC-1","GSM7476445","I",-0.118189596674799,0
373,574,"GSM7476445_CATCCACCAGGGTATG-1","GSM7476445","I",-0.0740256126083086,0
374,576,"GSM7476445_CCGTACTAGCCGGTAA-1","GSM7476445","I",-0.123758341250721,0
375,577,"GSM7476445_CCTTACGCACGGTGTC-1","GSM7476445","I",-0.0603225542040957,0
376,582,"GSM7476445_GAACCTAAGACACTAA-1","GSM7476445","I",-0.0997927847152414,0
377,583,"GSM7476445_GATCTAGCATATGCTG-1","GSM7476445","I",0.0304432247189371,0
378,585,"GSM7476445_GCATGTACAGGACGTA-1","GSM7476445","I",-0.138038875239839,0
379,586,"GSM7476445_GCCAAATCAGGAACGT-1","GSM7476445","I",-0.0854452002196401,0
380,587,"GSM7476445_GCGCGATGTGGTCTCG-1","GSM7476445","I",-0.0787736773224071,0
381,590,"GSM7476445_TACGGGCCAAGCGTAG-1","GSM7476445","I",-0.0020062716145233,0
382,591,"GSM7476445_TACGGTACACTACAGT-1","GSM7476445","I",-0.0641349042240323,0
383,592,"GSM7476445_TCATTTGAGGCCATAG-1","GSM7476445","I",-0.0729365380122698,0
384,594,"GSM7476445_TCTGAGATCACATAGC-1","GSM7476445","I",-0.0785431881708516,0
385,596,"GSM7476445_TGCACCTCAGGAATGC-1","GSM7476445","I",-0.121219139748876,0
386,597,"GSM7476445_TGCCAAATCTCGGACG-1","GSM7476445","I",-0.0678589651930839,0
387,599,"GSM7476445_TTAGGACCACTAGTAC-1","GSM7476445","I",-0.102761438504965,0
388,600,"GSM7476445_TTTCCTCCAGCATGAG-1","GSM7476445","I",-0.117937802868,0
389,601,"GSM7476446_AAACCTGGTCATGCCG-1","GSM7476446","II",0.117426521632869,0
390,604,"GSM7476446_AAAGATGTCCACTCCA-1","GSM7476446","II",0.101773138743013,0
391,606,"GSM7476446_AAAGCAATCTAACGGT-1","GSM7476446","II",0.0751647047227468,0
392,608,"GSM7476446_AACTCCCTCACTCCTG-1","GSM7476446","II",0.125669437440797,0
393,609,"GSM7476446_AAGGTTCTCTTACCTA-1","GSM7476446","II",0.0674044505464162,0
394,611,"GSM7476446_ACACCGGTCAGAGCTT-1","GSM7476446","II",0.0114765670033128,0
395,612,"GSM7476446_ACAGCCGGTGTGACGA-1","GSM7476446","II",0.097878472436437,0
396,614,"GSM7476446_ACGAGCCCAACTTGAC-1","GSM7476446","II",0.119294691331763,0
397,616,"GSM7476446_ACGCAGCAGAATAGGG-1","GSM7476446","II",-0.0075677226510741,3.03576608295941e-17
398,617,"GSM7476446_ACGCCAGGTCCTCTTG-1","GSM7476446","II",0.0825424849951267,0
399,618,"GSM7476446_ACTGAACCAGCTGTTA-1","GSM7476446","II",0.0308164245336496,0
400,619,"GSM7476446_ACTGTCCAGGTCATCT-1","GSM7476446","II",0.0922825791652656,0
401,621,"GSM7476446_ACTGTCCGTTACAGAA-1","GSM7476446","II",0.0069993732951134,8.06646416329215e-17
402,622,"GSM7476446_ACTTGTTTCATAACCG-1","GSM7476446","II",0.100504776058651,0
403,623,"GSM7476446_AGAATAGAGCAGCCTC-1","GSM7476446","II",0.0486276196665028,0
404,624,"GSM7476446_AGAATAGCACCCATTC-1","GSM7476446","II",0.121201288642616,0
405,625,"GSM7476446_AGAATAGTCTCTGAGA-1","GSM7476446","II",0.0567586183742159,0
406,626,"GSM7476446_AGAGCGATCTGTTGAG-1","GSM7476446","II",0.0579163865498135,0
407,629,"GSM7476446_AGCATACCATGCAATC-1","GSM7476446","II",0.0199870689556126,0
408,630,"GSM7476446_AGCATACTCCTAGGGC-1","GSM7476446","II",0.068787411640177,0
409,631,"GSM7476446_AGCATACTCGTCTGAA-1","GSM7476446","II",0.0073750279174154,1.04083408558608e-17
410,632,"GSM7476446_AGCTTGACATCGGTTA-1","GSM7476446","II",0.0543898936265755,0
411,633,"GSM7476446_AGTGTCATCACATGCA-1","GSM7476446","II",0.0177990112504485,0
412,635,"GSM7476446_ATAACGCGTTGGACCC-1","GSM7476446","II",0.0378588331237697,0
413,636,"GSM7476446_ATAGACCTCGTACCGG-1","GSM7476446","II",0.102724013007961,0
414,637,"GSM7476446_ATCACGAAGCCAGAAC-1","GSM7476446","II",0.109276745063398,0
415,639,"GSM7476446_ATCCACCTCTCGTTTA-1","GSM7476446","II",0.118689574599177,0
416,640,"GSM7476446_ATCCGAACATCTCCCA-1","GSM7476446","II",0.0523272790458985,0
417,642,"GSM7476446_ATGAGGGTCCGTCATC-1","GSM7476446","II",0.113616659398518,0
418,643,"GSM7476446_ATTACTCCACGAGGTA-1","GSM7476446","II",0.0982973253966367,0
419,645,"GSM7476446_ATTATCCGTAGGGTAC-1","GSM7476446","II",0.0892272869902091,0
420,646,"GSM7476446_ATTATCCTCCAAAGTC-1","GSM7476446","II",0.017132762516243,0
421,649,"GSM7476446_ATTTCTGGTAGTAGTA-1","GSM7476446","II",0.128759003209536,0
422,651,"GSM7476446_CACACCTCAGATGAGC-1","GSM7476446","II",0.0595701248874722,0
423,652,"GSM7476446_CACACTCAGCGTTTAC-1","GSM7476446","II",0.0948078045069693,0
424,655,"GSM7476446_CAGCTGGAGACTAGGC-1","GSM7476446","II",0.0626828493358915,0
425,658,"GSM7476446_CAGTAACGTCTAGGTT-1","GSM7476446","II",0.109831177395623,0
426,661,"GSM7476446_CATCGGGCAAGCGATG-1","GSM7476446","II",0.105439035297081,0
427,662,"GSM7476446_CATGCCTAGACAAAGG-1","GSM7476446","II",0.0628804476321244,0
428,663,"GSM7476446_CATTATCCACGTGAGA-1","GSM7476446","II",0.108149861449931,0
429,664,"GSM7476446_CATTATCGTGTTTGTG-1","GSM7476446","II",0.0949727366579193,0
430,666,"GSM7476446_CCAATCCTCAGTTGAC-1","GSM7476446","II",-0.0066572592540266,3.03576608295941e-17
431,667,"GSM7476446_CCACCTAAGATCGATA-1","GSM7476446","II",0.12614062770713,0
432,670,"GSM7476446_CCACTACCAAGTTGTC-1","GSM7476446","II",0.0769443094207111,0
433,677,"GSM7476446_CCGTGGATCGAACGGA-1","GSM7476446","II",0.0289654450241374,0
434,678,"GSM7476446_CCGTGGATCTCGCTTG-1","GSM7476446","II",0.0487428884581522,0
435,680,"GSM7476446_CCTAAAGGTCGCATCG-1","GSM7476446","II",0.14908845084095,0
436,681,"GSM7476446_CCTACACAGCTCCCAG-1","GSM7476446","II",0.0181600725368444,0
437,683,"GSM7476446_CCTAGCTAGTCATCCA-1","GSM7476446","II",0.0201821528131263,0
438,686,"GSM7476446_CCTCAGTAGGGCATGT-1","GSM7476446","II",0.0545243839579398,0
439,687,"GSM7476446_CCTCAGTGTGCAGACA-1","GSM7476446","II",0.032958223407655,0
440,688,"GSM7476446_CCTCAGTGTGGTGTAG-1","GSM7476446","II",0.0487591785777948,0
441,689,"GSM7476446_CCTTCGATCGTCGTTC-1","GSM7476446","II",0.0309185712800956,0
442,690,"GSM7476446_CGACCTTGTAAACCTC-1","GSM7476446","II",0.0396873716107271,0
443,691,"GSM7476446_CGAGCCAAGTTGCAGG-1","GSM7476446","II",-0.0005889588497616,8.20741044571527e-17
444,694,"GSM7476446_CGATGGCTCCCATTAT-1","GSM7476446","II",0.121646481378337,0
445,695,"GSM7476446_CGATTGAGTCTAAACC-1","GSM7476446","II",0.0583599428554403,0
446,697,"GSM7476446_CGCGTTTCAGTGAGTG-1","GSM7476446","II",0.114542203189572,0
447,698,"GSM7476446_CGCGTTTGTCCTCCAT-1","GSM7476446","II",0.0870277979737362,0
448,702,"GSM7476446_CGGACTGGTTAGAACA-1","GSM7476446","II",0.109204110879166,0
449,703,"GSM7476446_CGGAGTCAGGCAGGTT-1","GSM7476446","II",0.0386577113323068,0
450,704,"GSM7476446_CGTAGGCCACGGCTAC-1","GSM7476446","II",0.0780518959118522,0
451,705,"GSM7476446_CGTCAGGGTAAGTTCC-1","GSM7476446","II",0.0597480171204621,0
452,706,"GSM7476446_CGTCAGGGTAGATTAG-1","GSM7476446","II",0.142538068602939,0
453,708,"GSM7476446_CGTCAGGTCGGCATCG-1","GSM7476446","II",0.0470631104841288,0
454,714,"GSM7476446_CTCCTAGCATGCATGT-1","GSM7476446","II",0.0860719851510152,0
455,715,"GSM7476446_CTCGTACTCACTCTTA-1","GSM7476446","II",0.0976506992892352,0
456,717,"GSM7476446_CTGAAACTCCGCATCT-1","GSM7476446","II",0.172769679569351,0
457,719,"GSM7476446_CTGATAGGTACTTCTT-1","GSM7476446","II",0.0352522042725473,0
458,720,"GSM7476446_CTGGTCTAGTACCGGA-1","GSM7476446","II",0.0970606713918183,0
459,721,"GSM7476446_CTGGTCTCAGAGCCAA-1","GSM7476446","II",0.109332659139619,0
460,722,"GSM7476446_CTTACCGTCCGTTGCT-1","GSM7476446","II",0.0345071366184523,0
461,724,"GSM7476446_CTTGGCTGTAGCGTCC-1","GSM7476446","II",0.117437263097386,0
462,726,"GSM7476446_CTTTGCGAGCGTGAGT-1","GSM7476446","II",0.0406856908691296,0
463,727,"GSM7476446_CTTTGCGCATTCACTT-1","GSM7476446","II",0.0962875315034677,0
464,729,"GSM7476446_GACACGCGTCTTGCGG-1","GSM7476446","II",0.0932722201457051,0
465,731,"GSM7476446_GACAGAGTCAGGTTCA-1","GSM7476446","II",0.0949666866580824,0
466,733,"GSM7476446_GACCAATTCCTCCTAG-1","GSM7476446","II",0.0876149257101068,0
467,734,"GSM7476446_GACGGCTGTGCGGTAA-1","GSM7476446","II",0.0877521013755488,0
468,736,"GSM7476446_GACTAACGTGCAACTT-1","GSM7476446","II",0.0840468009626427,0
469,737,"GSM7476446_GACTGCGCATACGCTA-1","GSM7476446","II",0.10669887013785,0
470,738,"GSM7476446_GACTGCGCATGGGACA-1","GSM7476446","II",0.136219752483846,0
471,739,"GSM7476446_GAGTCCGAGTTACGGG-1","GSM7476446","II",0.0928779876834462,0
472,740,"GSM7476446_GATCAGTGTCTTCAAG-1","GSM7476446","II",0.132313915472282,0
473,741,"GSM7476446_GATCGATTCGTCCGTT-1","GSM7476446","II",0.0624827847844897,0
474,742,"GSM7476446_GATCGCGAGCGTCTAT-1","GSM7476446","II",0.0342681414920255,0
475,743,"GSM7476446_GATCGCGGTGAGGGAG-1","GSM7476446","II",0.098263063454383,0
476,746,"GSM7476446_GATGCTAGTTTGTTGG-1","GSM7476446","II",0.0304293070377836,0
477,748,"GSM7476446_GCAAACTAGTACACCT-1","GSM7476446","II",0.0563074876622506,0
478,749,"GSM7476446_GCAAACTCAGGTTTCA-1","GSM7476446","II",0.0518177271458179,0
479,750,"GSM7476446_GCAGTTAAGAGCTGGT-1","GSM7476446","II",0.0287339251565251,0
480,751,"GSM7476446_GCATACATCTTGCATT-1","GSM7476446","II",0.100956367187217,0
481,752,"GSM7476446_GCATGTATCATTGCGA-1","GSM7476446","II",0.0648324149911987,0
482,757,"GSM7476446_GCGCGATGTTATGTGC-1","GSM7476446","II",0.0626958086957775,0
483,758,"GSM7476446_GCTCTGTAGCGTGTCC-1","GSM7476446","II",0.113648298360688,0
484,759,"GSM7476446_GCTGGGTAGCGATCCC-1","GSM7476446","II",0.154965277089509,0
485,761,"GSM7476446_GGACAGATCATTGCGA-1","GSM7476446","II",0.0152133433217115,0
486,762,"GSM7476446_GGATGTTCACACGCTG-1","GSM7476446","II",0.126985473652558,0
487,763,"GSM7476446_GGATGTTCATAGACTC-1","GSM7476446","II",0.0628055095058668,0
488,764,"GSM7476446_GGATTACGTAGGCATG-1","GSM7476446","II",0.132209585295757,0
489,772,"GSM7476446_GGGAGATTCTCTTATG-1","GSM7476446","II",0.0174749311513927,0
490,773,"GSM7476446_GGGATGAGTAGAGTGC-1","GSM7476446","II",0.0916407851964616,0
491,775,"GSM7476446_GGTGCGTCAAGCGAGT-1","GSM7476446","II",0.0939564370663018,0
492,776,"GSM7476446_GTAGGCCCACCGATAT-1","GSM7476446","II",0.0567382372492288,0
493,777,"GSM7476446_GTAGTCAGTCTCTTTA-1","GSM7476446","II",0.0116205042696894,0
494,786,"GSM7476446_GTGGGTCCAAGCTGTT-1","GSM7476446","II",0.073881137744506,0
495,789,"GSM7476446_TAAGTGCTCGGAAACG-1","GSM7476446","II",0.0650353606956174,0
496,790,"GSM7476446_TACCTATCATGCGCAC-1","GSM7476446","II",0.125188312137591,0
497,791,"GSM7476446_TACTCATAGCAGATCG-1","GSM7476446","II",0.0926275639867379,0
498,793,"GSM7476446_TAGACCATCGGAATCT-1","GSM7476446","II",0.0415003562051014,0
499,795,"GSM7476446_TAGGCATCAGCTGCTG-1","GSM7476446","II",0.0742273095113897,0
500,798,"GSM7476446_TATGCCCTCGGTCTAA-1","GSM7476446","II",0.0548205779463023,0
501,799,"GSM7476446_TCACAAGAGTTGAGAT-1","GSM7476446","II",0.0440341010982761,0
502,803,"GSM7476446_TCAGGTAAGGAATCGC-1","GSM7476446","II",0.140036478691385,0
503,805,"GSM7476446_TCCACACAGCCTATGT-1","GSM7476446","II",0.0248897844711847,0
504,807,"GSM7476446_TCGTACCCACTTACGA-1","GSM7476446","II",0.0768748247776695,0
505,809,"GSM7476446_TGACAACCAACACCCG-1","GSM7476446","II",0.0807234827238946,0
506,810,"GSM7476446_TGACGGCAGATAGGAG-1","GSM7476446","II",0.123869473220479,0
507,812,"GSM7476446_TGATTTCGTCGACTGC-1","GSM7476446","II",0.0565094964899087,0
508,813,"GSM7476446_TGCACCTAGACCTTTG-1","GSM7476446","II",0.0205638104159417,0
509,815,"GSM7476446_TGCTACCAGATCCTGT-1","GSM7476446","II",0.0534930713444328,0
510,816,"GSM7476446_TGCTACCTCAATAAGG-1","GSM7476446","II",0.0727589329820129,0
511,817,"GSM7476446_TGGCGCAAGCAAATCA-1","GSM7476446","II",0.168843242882025,0
512,819,"GSM7476446_TGGGAAGCACGCATCG-1","GSM7476446","II",0.0598363073458443,0
513,822,"GSM7476446_TGGGCGTGTTAAAGAC-1","GSM7476446","II",0.118901206195062,0
514,823,"GSM7476446_TGGGCGTTCAGTTTGG-1","GSM7476446","II",0.0881071160855154,0
515,824,"GSM7476446_TGGTTCCTCAGGCGAA-1","GSM7476446","II",0.0975799630375168,0
516,826,"GSM7476446_TGTGGTAAGTGTGGCA-1","GSM7476446","II",0.10005394499478,0
517,828,"GSM7476446_TTAGTTCTCTGGCGAC-1","GSM7476446","II",0.14272888583804,0
518,829,"GSM7476446_TTCCCAGCAGTGGGAT-1","GSM7476446","II",0.0901271268830477,0
519,830,"GSM7476446_TTCTCCTAGTGCGTGA-1","GSM7476446","II",0.0153542491626352,0
520,832,"GSM7476446_TTGTAGGGTAAGTGGC-1","GSM7476446","II",0.128210437136182,0
521,835,"GSM7476446_TTTGTCATCCGTAGGC-1","GSM7476446","II",0.0375910936381351,0
522,836,"GSM7476447_AAACCTGCACATTCGA-1","GSM7476447","II",-0.0066030791296083,9.0205620750794e-17
523,837,"GSM7476447_AAAGTAGCATGGAATA-1","GSM7476447","II",-0.0508952924234324,0
524,838,"GSM7476447_AACCATGTCTCAACTT-1","GSM7476447","II",0.008963113371179,6.93889390390723e-17
525,840,"GSM7476447_AACTCTTGTTACGTCA-1","GSM7476447","II",0.0065554328085065,8.93382590128056e-17
526,841,"GSM7476447_AACTTTCGTTGTCGCG-1","GSM7476447","II",-0.0127295230990032,0
527,842,"GSM7476447_AAGACCTGTCTAGGTT-1","GSM7476447","II",-0.0096509086548994,2.94902990916057e-17
528,843,"GSM7476447_AAGACCTTCTGCAAGT-1","GSM7476447","II",-0.0520936778965182,0
529,844,"GSM7476447_AAGGAGCCACCGAAAG-1","GSM7476447","II",0.0574753404937966,0
530,845,"GSM7476447_AAGGAGCGTGTGACGA-1","GSM7476447","II",0.0245125631472727,0
531,846,"GSM7476447_AATCCAGAGTGAAGTT-1","GSM7476447","II",0.0231757171254902,0
532,847,"GSM7476447_AATCCAGTCGCAAACT-1","GSM7476447","II",0.0027361389609488,5.98479599211998e-17
533,848,"GSM7476447_AATCCAGTCTTATCTG-1","GSM7476447","II",0.0023127422274392,2.99239799605999e-17
534,849,"GSM7476447_AATCGGTAGCAACGGT-1","GSM7476447","II",0.0105121339932667,0
535,850,"GSM7476447_ACAGCCGTCTGGTGTA-1","GSM7476447","II",0.0365501633177785,0
536,851,"GSM7476447_ACATGGTTCTGCGTAA-1","GSM7476447","II",0.0283470029949275,0
537,852,"GSM7476447_ACCTTTAAGGATGCGT-1","GSM7476447","II",0.0149259284641399,0
538,853,"GSM7476447_ACCTTTACAAGCCGTC-1","GSM7476447","II",-0.0255612095953514,0
539,854,"GSM7476447_ACCTTTATCCGCAAGC-1","GSM7476447","II",0.0111259230713956,0
540,855,"GSM7476447_ACGAGGATCCCTTGCA-1","GSM7476447","II",0.0247274789395119,0
541,856,"GSM7476447_ACGCAGCTCTTCGAGA-1","GSM7476447","II",-0.0111723671480083,0
542,857,"GSM7476447_ACGGGTCGTCTGATTG-1","GSM7476447","II",-6.11715121984491e-05,0
543,858,"GSM7476447_ACTGAACGTCCGTCAG-1","GSM7476447","II",-0.0022891208996419,3.98986399474666e-17
544,859,"GSM7476447_ACTGAACTCAGTTGAC-1","GSM7476447","II",-0.0540791644250126,0
545,860,"GSM7476447_ACTGCTCGTTCTCATT-1","GSM7476447","II",-0.0297706992128081,0
546,861,"GSM7476447_AGACGTTTCCATTCTA-1","GSM7476447","II",-0.0208480431788342,0
547,862,"GSM7476447_AGCGGTCTCGCTTGTC-1","GSM7476447","II",0.0306012932621736,0
548,863,"GSM7476447_AGCGTCGAGGGAGTAA-1","GSM7476447","II",-0.0198161066987611,0
549,864,"GSM7476447_AGCGTCGGTCCCGACA-1","GSM7476447","II",-0.020908597103247,0
550,865,"GSM7476447_AGCTTGACACACGCTG-1","GSM7476447","II",-0.0117931896382148,0
551,866,"GSM7476447_AGGCCACCATCTATGG-1","GSM7476447","II",-0.0228182638423126,0
552,867,"GSM7476447_AGGGAGTAGCACACAG-1","GSM7476447","II",0.0056537653857196,4.9439619065339e-17
553,868,"GSM7476447_AGGGAGTCACACCGAC-1","GSM7476447","II",0.0094670898304363,0
554,869,"GSM7476447_AGGGATGGTCAACTGT-1","GSM7476447","II",-0.0055234940885016,3.03576608295941e-17
555,870,"GSM7476447_AGGGTGACACGCGAAA-1","GSM7476447","II",0.0269361043008591,0
556,871,"GSM7476447_AGTAGTCCAGATTGCT-1","GSM7476447","II",-0.0621635899995673,0
557,873,"GSM7476447_ATCACGACATGGGACA-1","GSM7476447","II",0.0106358526243951,0
558,875,"GSM7476447_ATCGAGTCACATCCAA-1","GSM7476447","II",0.0537115298089109,0
559,876,"GSM7476447_ATGCGATCACGTGAGA-1","GSM7476447","II",-0.0443004502829726,0
560,877,"GSM7476447_ATGGGAGGTGCACTTA-1","GSM7476447","II",0.015780904342215,0
561,878,"GSM7476447_ATGTGTGGTTTGTTTC-1","GSM7476447","II",0.0345417760280411,0
562,879,"GSM7476447_ATTACTCTCTGCTGCT-1","GSM7476447","II",0.005006074759527,3.03576608295941e-17
563,880,"GSM7476447_ATTGGTGAGATGCCTT-1","GSM7476447","II",0.139829795358698,0
564,881,"GSM7476447_CAACCAAGTCCATGAT-1","GSM7476447","II",-0.0066030402280661,3.98986399474666e-17
565,883,"GSM7476447_CACAAACAGGGCTCTC-1","GSM7476447","II",0.0071269782966079,7.02563007770607e-17
566,884,"GSM7476447_CACAAACGTTCGCGAC-1","GSM7476447","II",0.003914194688179,7.02563007770607e-17
567,885,"GSM7476447_CACAAACTCATATCGG-1","GSM7476447","II",0.0221085674591228,0
568,886,"GSM7476447_CACACTCTCAGTCAGT-1","GSM7476447","II",0.0402151418897218,0
569,887,"GSM7476447_CACAGGCCAGTACACT-1","GSM7476447","II",0.0113750868759458,0
570,888,"GSM7476447_CACCTTGGTACCATCA-1","GSM7476447","II",0.0138969248448889,0
571,890,"GSM7476447_CAGGTGCTCTTGCATT-1","GSM7476447","II",0.0210773968046851,0
572,891,"GSM7476447_CATATGGGTAAGAGGA-1","GSM7476447","II",-0.0230569285677629,0
573,892,"GSM7476447_CATCCACAGGGTTTCT-1","GSM7476447","II",0.013707161119475,0
574,893,"GSM7476447_CCACCTAAGGAATGGA-1","GSM7476447","II",0.0600939467983199,0
575,894,"GSM7476447_CCACTACGTAGGAGTC-1","GSM7476447","II",0.0056958008911044,4.9439619065339e-17
576,895,"GSM7476447_CCGGGATTCGGCTACG-1","GSM7476447","II",0.0425515532109146,0
577,896,"GSM7476447_CCGGTAGGTTTGCATG-1","GSM7476447","II",-0.004500954180943,5.98479599211998e-17
578,898,"GSM7476447_CCGTGGAAGAAACCTA-1","GSM7476447","II",0.0844100898145503,0
579,899,"GSM7476447_CCTACCACAAATACAG-1","GSM7476447","II",0.0502016333411158,0
580,900,"GSM7476447_CCTTCCCAGGTTACCT-1","GSM7476447","II",-0.0512668875769015,0
581,901,"GSM7476447_CGAGCACGTAAGCACG-1","GSM7476447","II",0.0161577468478757,0
582,902,"GSM7476447_CGCGTTTAGCCCAGCT-1","GSM7476447","II",0.0061867729329341,0
583,903,"GSM7476447_CGGACACCAATCCGAT-1","GSM7476447","II",0.113722446801067,0
584,904,"GSM7476447_CGGACACCAGCCACCA-1","GSM7476447","II",0.0986748271173483,0
585,906,"GSM7476447_CGTCACTCACCGAAAG-1","GSM7476447","II",0.0199632244937115,0
586,907,"GSM7476447_CGTCAGGAGGTGATAT-1","GSM7476447","II",-0.0280476546993646,0
587,908,"GSM7476447_CTAATGGGTAGCCTCG-1","GSM7476447","II",-0.0267298941738452,0
588,909,"GSM7476447_CTACATTCATCCTTGC-1","GSM7476447","II",-0.0019259353330663,8.00141203294302e-17
589,911,"GSM7476447_CTACGTCGTTCTGGTA-1","GSM7476447","II",-0.0099806770993627,4.85722573273506e-17
590,912,"GSM7476447_CTCAGAAAGTATTGGA-1","GSM7476447","II",0.0140478287640753,0
591,913,"GSM7476447_CTCGGAGAGTAGCGGT-1","GSM7476447","II",-0.0429396345876348,0
592,914,"GSM7476447_CTCTACGAGCACGCCT-1","GSM7476447","II",0.0173188998982772,0
593,915,"GSM7476447_CTCTGGTAGCAGGCTA-1","GSM7476447","II",-0.0320092196383414,0
594,916,"GSM7476447_CTGAAGTGTCCCGACA-1","GSM7476447","II",0.125192164950344,0
595,917,"GSM7476447_CTGATCCAGGCAGGTT-1","GSM7476447","II",0.0204118501335135,0
596,918,"GSM7476447_CTGATCCGTTCGCTAA-1","GSM7476447","II",0.0636288167246248,0
597,919,"GSM7476447_CTGCGGAAGCACGCCT-1","GSM7476447","II",-0.0103707375606795,0
598,920,"GSM7476447_CTGTTTATCTGGTGTA-1","GSM7476447","II",-0.0012841243146917,8.00141203294302e-17
599,921,"GSM7476447_CTTAACTCAAAGGAAG-1","GSM7476447","II",0.0355847651021991,0
600,922,"GSM7476447_CTTACCGTCACTTACT-1","GSM7476447","II",-0.0057628409612104,6.93889390390723e-17
601,923,"GSM7476447_CTTCTCTCACTCAGGC-1","GSM7476447","II",0.0303372054665604,0
602,924,"GSM7476447_GAAACTCAGCCAGGAT-1","GSM7476447","II",0.0384674896689021,0
603,925,"GSM7476447_GAAGCAGAGCTATGCT-1","GSM7476447","II",0.0212109791483742,0
604,926,"GSM7476447_GACTGCGAGAAAGTGG-1","GSM7476447","II",-0.0081525574462166,6.07153216591882e-17
605,927,"GSM7476447_GAGTCCGGTTAAAGAC-1","GSM7476447","II",0.0295366567271118,0
606,928,"GSM7476447_GATCAGTTCTAACTGG-1","GSM7476447","II",-0.006706568453566,1.99493199737333e-17
607,929,"GSM7476447_GATCGCGGTGAGTGAC-1","GSM7476447","II",0.0066567273072258,0
608,930,"GSM7476447_GATCGTACAGCCAATT-1","GSM7476447","II",0.011096327490754,0
609,931,"GSM7476447_GATGAAACAGCGTTCG-1","GSM7476447","II",-0.0071828449987239,3.98986399474666e-17
610,932,"GSM7476447_GATGAGGCAACTTGAC-1","GSM7476447","II",0.0324379980994231,0
611,933,"GSM7476447_GATGCTACAAATTGCC-1","GSM7476447","II",-0.0271364252264808,0
612,934,"GSM7476447_GATGCTACACCTTGTC-1","GSM7476447","II",0.0044378634235975,9.54097911787244e-18
613,935,"GSM7476447_GATGCTAGTCTGGTCG-1","GSM7476447","II",-0.0060265792207018,5.98479599211998e-17
614,937,"GSM7476447_GCCAAATAGTGTTGAA-1","GSM7476447","II",-0.0024038356172595,3.98986399474666e-17
615,938,"GSM7476447_GCGACCAGTTAAGACA-1","GSM7476447","II",-0.0562845839744009,0
616,940,"GSM7476447_GGACAAGTCGTAGGTT-1","GSM7476447","II",0.000843103220117,6.79794762148411e-17
617,941,"GSM7476447_GGAGCAACAGTATAAG-1","GSM7476447","II",0.0374956966875618,0
618,942,"GSM7476447_GGCGTGTGTGCGGTAA-1","GSM7476447","II",-0.0250819933153305,0
619,943,"GSM7476447_GGCTCGAAGACGCTTT-1","GSM7476447","II",-0.0132422477274845,0
620,944,"GSM7476447_GGGTTGCCACACCGCA-1","GSM7476447","II",0.108561720537058,0
621,945,"GSM7476447_GGGTTGCGTCATGCAT-1","GSM7476447","II",-0.0078731877929884,6.07153216591882e-17
622,946,"GSM7476447_GGTGCGTAGATATGGT-1","GSM7476447","II",-0.0139307881024061,0
623,947,"GSM7476447_GGTGCGTCAACCGCCA-1","GSM7476447","II",0.0240375055244916,0
624,948,"GSM7476447_GTAACGTCAATCTGCA-1","GSM7476447","II",0.0207447485001161,0
625,949,"GSM7476447_GTAACTGGTTCTGAAC-1","GSM7476447","II",0.0250683585607709,0
626,950,"GSM7476447_GTAGGCCAGTGCGTGA-1","GSM7476447","II",-0.0479082831449625,0
627,951,"GSM7476447_GTAGTCACAGGATTGG-1","GSM7476447","II",0.0006983008410236,1.79977560632594e-17
628,952,"GSM7476447_GTATCTTAGAAACCTA-1","GSM7476447","II",-0.0037135609234933,3.98986399474666e-17
629,953,"GSM7476447_GTATCTTCATATACGC-1","GSM7476447","II",-0.0148988460100793,0
630,954,"GSM7476447_GTCGGGTTCGCGCCAA-1","GSM7476447","II",-0.0260182139528817,0
631,955,"GSM7476447_GTGCTTCAGCCTTGAT-1","GSM7476447","II",0.0041985473644085,9.54097911787244e-18
632,956,"GSM7476447_GTGCTTCCATACAGCT-1","GSM7476447","II",0.0223199236840827,0
633,957,"GSM7476447_GTGCTTCGTTCACCTC-1","GSM7476447","II",0.0361006000446315,0
634,959,"GSM7476447_TAAGCGTCACCAGATT-1","GSM7476447","II",-0.0559620695995864,0
635,960,"GSM7476447_TAAGCGTTCCAGTAGT-1","GSM7476447","II",0.0032893718811852,3.98986399474666e-17
636,961,"GSM7476447_TAAGTGCAGAAAGTGG-1","GSM7476447","II",0.0593118787772849,0
637,962,"GSM7476447_TACGGGCAGCAATCTC-1","GSM7476447","II",-0.0271535140267571,0
638,963,"GSM7476447_TAGGCATGTCGCATAT-1","GSM7476447","II",0.0141254817755758,0
639,964,"GSM7476447_TAGTGGTAGGGTGTTG-1","GSM7476447","II",-0.0483870643700284,0
640,965,"GSM7476447_TAGTGGTCATTTGCCC-1","GSM7476447","II",-0.0139177436582612,0
641,966,"GSM7476447_TAGTTGGGTTAAAGAC-1","GSM7476447","II",0.0644659297807495,0
642,967,"GSM7476447_TAGTTGGTCGTAGATC-1","GSM7476447","II",-0.0415117384530815,0
643,968,"GSM7476447_TATTACCCATTAACCG-1","GSM7476447","II",-0.0079838703368959,4.85722573273506e-17
644,969,"GSM7476447_TCAGATGAGGGCTTCC-1","GSM7476447","II",-0.0218705929432513,0
645,970,"GSM7476447_TCAGCTCGTGGACGAT-1","GSM7476447","II",-0.0148951805379133,0
646,971,"GSM7476447_TCAGCTCTCTAAGCCA-1","GSM7476447","II",-0.0181090485001363,0
647,972,"GSM7476447_TCAGGTATCCTGCCAT-1","GSM7476447","II",-0.0072625695359986,7.02563007770607e-17
648,973,"GSM7476447_TCCCGATTCCCGGATG-1","GSM7476447","II",-0.0462921589359765,0
649,974,"GSM7476447_TCGCGAGGTGATGTGG-1","GSM7476447","II",-0.0051744026167675,9.0205620750794e-17
650,975,"GSM7476447_TCGGGACGTTGCTCCT-1","GSM7476447","II",-0.0106350220585311,0
651,976,"GSM7476447_TCTATTGAGATGTGGC-1","GSM7476447","II",-0.0195411759918724,0
652,977,"GSM7476447_TCTGGAATCTACGAGT-1","GSM7476447","II",-0.0280442429309307,0
653,978,"GSM7476447_TGACTAGAGCGATATA-1","GSM7476447","II",0.153032983369806,0
654,979,"GSM7476447_TGAGCATTCGACCAGC-1","GSM7476447","II",0.0179313459266036,0
655,980,"GSM7476447_TGATTTCAGGAGTTGC-1","GSM7476447","II",0.0374264905633405,0
656,981,"GSM7476447_TGCGTGGCATTACCTT-1","GSM7476447","II",0.06220716063021,0
657,982,"GSM7476447_TGGTTCCGTTGATTCG-1","GSM7476447","II",-0.0130774471077271,0
658,984,"GSM7476447_TTAACTCCATGGTCTA-1","GSM7476447","II",-0.0543178894061424,0
659,985,"GSM7476447_TTAGGACAGTGTCCCG-1","GSM7476447","II",-0.0231755845177159,0
660,986,"GSM7476447_TTAGGCACAACGATGG-1","GSM7476447","II",0.145549404915153,0
661,987,"GSM7476447_TTAGTTCGTGTGTGCC-1","GSM7476447","II",0.0093976592764666,5.89805981832114e-17
662,988,"GSM7476447_TTATGCTCAGCGATCC-1","GSM7476447","II",0.0225921967171586,0
663,989,"GSM7476447_TTATGCTTCGCATGAT-1","GSM7476447","II",-0.0091288058696931,8.67361737988404e-18
664,990,"GSM7476447_TTCGAAGGTACGACCC-1","GSM7476447","II",0.0299858588109816,0
665,991,"GSM7476447_TTGCGTCCATCTGGTA-1","GSM7476447","II",0.0504594580342164,0
666,992,"GSM7476447_TTGTAGGGTATCGCAT-1","GSM7476447","II",0.0155649095756197,0
667,993,"GSM7476447_TTTGGTTGTAGCGTAG-1","GSM7476447","II",0.0192976981979469,0
668,994,"GSM7476448_AAAGATGAGACTAGAT-1","GSM7476448","II",0.0096973067550403,2.94902990916057e-17
669,996,"GSM7476448_AAAGTAGCAGTAAGAT-1","GSM7476448","II",0.0799504142262177,0
670,997,"GSM7476448_AACACGTGTTCCGTCT-1","GSM7476448","II",0.0124227667788833,0
671,998,"GSM7476448_AACCATGGTTCCTCCA-1","GSM7476448","II",0.14192415420024,0
672,999,"GSM7476448_ACATACGCATGACATC-1","GSM7476448","II",0.0144611766428457,0
673,1000,"GSM7476448_ACATGGTAGGATGGAA-1","GSM7476448","II",0.0628282699063841,0
674,1001,"GSM7476448_ACCTTTAGTACTCGCG-1","GSM7476448","II",-0.0263607453136556,0
675,1002,"GSM7476448_ACGAGGATCATGCAAC-1","GSM7476448","II",-0.0040185561310245,1.99493199737333e-17
676,1003,"GSM7476448_AGAATAGCAATCCGAT-1","GSM7476448","II",0.006451759109138,3.98986399474666e-17
677,1004,"GSM7476448_AGAATAGTCACGACTA-1","GSM7476448","II",0.10000094577096,0
678,1005,"GSM7476448_AGACGTTGTGTGGTTT-1","GSM7476448","II",-0.0116545895456091,0
679,1006,"GSM7476448_AGCGTCGCAACTGCTA-1","GSM7476448","II",0.0788511600685554,0
680,1007,"GSM7476448_AGCTCCTTCTTGTTTG-1","GSM7476448","II",0.141472701470776,0
681,1008,"GSM7476448_AGCTTGAGTGGCCCTA-1","GSM7476448","II",0.110279693406581,0
682,1009,"GSM7476448_AGGCCGTTCACCCGAG-1","GSM7476448","II",0.0226435814051625,0
683,1010,"GSM7476448_AGGGATGCATATGCTG-1","GSM7476448","II",0.009818745829657,7.97972798949331e-17
684,1011,"GSM7476448_AGTTGGTCAGGAACGT-1","GSM7476448","II",0.0368983284561844,0
685,1013,"GSM7476448_ATCCACCGTGACTACT-1","GSM7476448","II",0.0253346189294262,0
686,1014,"GSM7476448_ATGCGATCAGCGTAAG-1","GSM7476448","II",-0.008822906711442,3.12250225675825e-17
687,1016,"GSM7476448_ATTACTCTCTGCAAGT-1","GSM7476448","II",0.0349455748283272,0
688,1018,"GSM7476448_CAAGGCCGTAAGTGTA-1","GSM7476448","II",0.0053190576298749,0
689,1019,"GSM7476448_CAGATCATCAGCATGT-1","GSM7476448","II",0.12809325583978,0
690,1020,"GSM7476448_CAGCTAATCCTCAACC-1","GSM7476448","II",-0.0106714005159878,0
691,1021,"GSM7476448_CAGGTGCCACAGACAG-1","GSM7476448","II",0.0174538264342298,0
692,1022,"GSM7476448_CATATGGAGCTAACAA-1","GSM7476448","II",-0.0041192834812933,7.02563007770607e-17
693,1023,"GSM7476448_CATATGGAGTGGAGAA-1","GSM7476448","II",0.0217954748368594,0
694,1025,"GSM7476448_CATCAAGAGCACCGCT-1","GSM7476448","II",0.0522004071591259,0
695,1026,"GSM7476448_CATCAGAAGTAGGCCA-1","GSM7476448","II",0.145387860325832,0
696,1029,"GSM7476448_CCACCTAAGCACGCCT-1","GSM7476448","II",-0.0318916685209168,0
697,1030,"GSM7476448_CCAGCGAAGGAATCGC-1","GSM7476448","II",0.100240370819417,0
698,1031,"GSM7476448_CCGTTCATCGCCTGTT-1","GSM7476448","II",0.0197814137182686,0
699,1033,"GSM7476448_CCTCTGAAGCCCTAAT-1","GSM7476448","II",0.0348826916015157,0
700,1034,"GSM7476448_CCTTACGGTCCCGACA-1","GSM7476448","II",-0.0119456810754206,0
701,1035,"GSM7476448_CGACTTCGTTCTGAAC-1","GSM7476448","II",0.0110950915903782,0
702,1036,"GSM7476448_CGAGCCAAGTGGTAAT-1","GSM7476448","II",0.0623106268654632,0
703,1037,"GSM7476448_CGGACACCACAGGAGT-1","GSM7476448","II",0.0029276337333584,4.03323208164608e-17
704,1038,"GSM7476448_CGGAGCTGTCGGATCC-1","GSM7476448","II",0.121621885693442,0
705,1039,"GSM7476448_CGTAGCGCACTGCCAG-1","GSM7476448","II",-0.0068871910655427,3.98986399474666e-17
706,1042,"GSM7476448_CTCTACGCATACTACG-1","GSM7476448","II",0.0259499498663596,0
707,1044,"GSM7476448_CTTAGGACATGGATGG-1","GSM7476448","II",0.0462303219521066,0
708,1045,"GSM7476448_CTTGGCTTCTACCAGA-1","GSM7476448","II",0.0450326127841973,0
709,1046,"GSM7476448_CTTTGCGAGCGAAGGG-1","GSM7476448","II",0.0735355891417548,0
710,1047,"GSM7476448_GAAATGATCCTATTCA-1","GSM7476448","II",0.0074928341425219,5.03069808033274e-17
711,1049,"GSM7476448_GAATGAACAGCTGGCT-1","GSM7476448","II",0.0563867330925171,0
712,1051,"GSM7476448_GACACGCCAGGGCATA-1","GSM7476448","II",0.0993677119259854,0
713,1052,"GSM7476448_GACACGCGTGACTACT-1","GSM7476448","II",0.0593562840283728,0
714,1053,"GSM7476448_GACCTGGAGGAGCGAG-1","GSM7476448","II",0.0157289629257034,0
715,1054,"GSM7476448_GACTACAGTTAGAACA-1","GSM7476448","II",0.0766624929283578,0
716,1055,"GSM7476448_GCAAACTCACGAAACG-1","GSM7476448","II",0.0400193745769422,0
717,1056,"GSM7476448_GCATACAAGCTCCTTC-1","GSM7476448","II",0.0320713143866787,0
718,1057,"GSM7476448_GCCAAATTCGAATCCA-1","GSM7476448","II",0.0842892636169456,0
719,1058,"GSM7476448_GCTCCTACACGTAAGG-1","GSM7476448","II",0.169473675940615,0
720,1059,"GSM7476448_GGACATTTCTTACCTA-1","GSM7476448","II",-0.015971350746855,0
721,1060,"GSM7476448_GGACGTCCAAGCCTAT-1","GSM7476448","II",0.0211233947903435,0
722,1061,"GSM7476448_GGCGACTAGCCATCGC-1","GSM7476448","II",0.0075492373368058,9.0205620750794e-17
723,1064,"GSM7476448_GGGAATGTCATCATTC-1","GSM7476448","II",0.0212049879240493,0
724,1065,"GSM7476448_GGGTTGCCAACAACCT-1","GSM7476448","II",-0.0017605800994889,7.00394603425636e-17
725,1066,"GSM7476448_GGTGAAGGTGATGTGG-1","GSM7476448","II",0.035587349635122,0
726,1067,"GSM7476448_GTACTTTGTAGCACGA-1","GSM7476448","II",-0.0190835733078621,0
727,1069,"GSM7476448_GTCTTCGCAGTCGATT-1","GSM7476448","II",0.0429081246131852,0
728,1070,"GSM7476448_GTTCTCGAGTCGCCGT-1","GSM7476448","II",0.112498254460137,0
729,1071,"GSM7476448_GTTTCTATCTCAAGTG-1","GSM7476448","II",0.0246502913742015,0
730,1072,"GSM7476448_TAAACCGAGCCAGGAT-1","GSM7476448","II",0.0204421381256572,0
731,1073,"GSM7476448_TAAACCGGTAAATACG-1","GSM7476448","II",0.0541922564658674,0
732,1074,"GSM7476448_TACGGGCCAGCCACCA-1","GSM7476448","II",-0.0070837744373575,5.98479599211998e-17
733,1075,"GSM7476448_TACGGGCTCAAGAAGT-1","GSM7476448","II",0.0340143613619493,0
734,1076,"GSM7476448_TAGTGGTTCAGTTTGG-1","GSM7476448","II",0.0702346025437232,0
735,1077,"GSM7476448_TAGTTGGCACACAGAG-1","GSM7476448","II",0.0388314764715807,0
736,1078,"GSM7476448_TCCCGATCACGGTTTA-1","GSM7476448","II",0.0068690391058626,6.93889390390723e-17
737,1079,"GSM7476448_TCTATTGCAGCTGGCT-1","GSM7476448","II",0.0940263111525335,0
738,1080,"GSM7476448_TCTCATACAGGGTATG-1","GSM7476448","II",0.134511426664667,0
739,1081,"GSM7476448_TCTGGAAAGACACTAA-1","GSM7476448","II",0.0070967085563077,9.0205620750794e-17
740,1082,"GSM7476448_TGACGGCAGTAATCCC-1","GSM7476448","II",-0.0227738975749999,0
741,1084,"GSM7476448_TGAGCATAGGACACCA-1","GSM7476448","II",0.123134361462871,0
742,1085,"GSM7476448_TGCCCATTCTAGAGTC-1","GSM7476448","II",0.0158782284027768,0
743,1086,"GSM7476448_TGCCCTATCTCTGAGA-1","GSM7476448","II",0.128779951512216,0
744,1087,"GSM7476448_TGCGTGGGTTCGCTAA-1","GSM7476448","II",-0.0105805842955404,0
745,1088,"GSM7476448_TGTGTTTCAGCTGTGC-1","GSM7476448","II",0.0483873445276752,0
746,1090,"GSM7476448_TTCTCAATCAGATAAG-1","GSM7476448","II",0.016940480962465,0
747,1091,"GSM7476448_TTTATGCTCTTCTGGC-1","GSM7476448","II",0.0816802747002522,0
748,1092,"GSM7476448_TTTGTCAGTAAAGGAG-1","GSM7476448","II",0.0232803853082018,0
749,1093,"GSM7476449_AAAGATGCAGTTCCCT-1","GSM7476449","II",-0.0536239330254781,0
750,1095,"GSM7476449_AACCGCGTCCATTCTA-1","GSM7476449","II",0.034407630584445,0
751,1097,"GSM7476449_AACTGGTTCCGTACAA-1","GSM7476449","II",0.178551776387139,0
752,1098,"GSM7476449_AATCGGTGTCGGATCC-1","GSM7476449","II",0.0219152573663034,0
753,1099,"GSM7476449_ACATCAGAGCTAACTC-1","GSM7476449","II",0.016764669480182,0
754,1100,"GSM7476449_ACCCACTTCGAGCCCA-1","GSM7476449","II",0.0862456980677397,0
755,1101,"GSM7476449_ACGAGCCGTAAGGGAA-1","GSM7476449","II",0.119597239450044,0
756,1102,"GSM7476449_ACGATGTAGACTGTAA-1","GSM7476449","II",-0.0063777089077364,1.99493199737333e-17
757,1103,"GSM7476449_ACGCAGCCATCACGTA-1","GSM7476449","II",0.0939590897031281,0
758,1105,"GSM7476449_AGATTGCAGGCTCATT-1","GSM7476449","II",0.0229823198039727,0
759,1106,"GSM7476449_AGCGTCGCATCTACGA-1","GSM7476449","II",0.055367486567511,0
760,1107,"GSM7476449_AGGCCGTAGGCGCTCT-1","GSM7476449","II",0.0595929274220511,0
761,1108,"GSM7476449_AGGTCATCAGCGAACA-1","GSM7476449","II",0.0759430041983214,0
762,1109,"GSM7476449_ATAGACCCAATGACCT-1","GSM7476449","II",-0.0169256859976597,0
763,1110,"GSM7476449_ATAGACCCACCTCGGA-1","GSM7476449","II",0.0317108478280823,0
764,1111,"GSM7476449_ATCACGATCTGGCGTG-1","GSM7476449","II",0.0854246127825264,0
765,1113,"GSM7476449_ATCTGCCAGGGCATGT-1","GSM7476449","II",-0.0015522860617854,3.98986399474666e-17
766,1114,"GSM7476449_ATGAGGGAGTGGGCTA-1","GSM7476449","II",0.03716872053569,0
767,1116,"GSM7476449_ATTATCCGTCACCCAG-1","GSM7476449","II",0.0337836752093107,0
768,1117,"GSM7476449_ATTCTACCACTTCGAA-1","GSM7476449","II",0.141927736762723,0
769,1119,"GSM7476449_CACAGGCCATCCGTGG-1","GSM7476449","II",0.010167213064289,0
770,1120,"GSM7476449_CACATAGAGCCTCGTG-1","GSM7476449","II",0.0302583158343782,0
771,1121,"GSM7476449_CACATTTGTCACCCAG-1","GSM7476449","II",-0.0324577863913639,0
772,1122,"GSM7476449_CACCAGGCAGTATAAG-1","GSM7476449","II",-0.0156153858925187,0
773,1123,"GSM7476449_CAGAATCGTCCAGTGC-1","GSM7476449","II",0.0099499297388685,3.98986399474666e-17
774,1124,"GSM7476449_CAGATCAAGCCACCTG-1","GSM7476449","II",0.0322501219241401,0
775,1125,"GSM7476449_CAGCATAAGGAATTAC-1","GSM7476449","II",0.0945983188815665,0
776,1126,"GSM7476449_CAGCATACATGCTGGC-1","GSM7476449","II",-0.020879150464187,0
777,1127,"GSM7476449_CAGCCGAAGAATGTTG-1","GSM7476449","II",0.0145020454563426,0
778,1128,"GSM7476449_CAGGTGCGTCCCTACT-1","GSM7476449","II",0.0237285466270444,0
779,1129,"GSM7476449_CAGTAACAGTCAAGCG-1","GSM7476449","II",-0.0263746090922953,0
780,1130,"GSM7476449_CATATGGGTATCTGCA-1","GSM7476449","II",0.0377942174295669,0
781,1132,"GSM7476449_CCCTCCTCACCTGGTG-1","GSM7476449","II",0.066235994526378,0
782,1134,"GSM7476449_CCTAAAGGTTAAGGGC-1","GSM7476449","II",-0.0320063305116276,0
783,1137,"GSM7476449_CGATGTAGTAGCACGA-1","GSM7476449","II",0.0719353228100305,0
784,1138,"GSM7476449_CGCCAAGTCTGTTTGT-1","GSM7476449","II",0.0062779978305791,3.98986399474666e-17
785,1139,"GSM7476449_CGGACGTCAAGTTCTG-1","GSM7476449","II",0.0271333934635594,0
786,1140,"GSM7476449_CGGACGTGTACAGACG-1","GSM7476449","II",0.0025833739949035,5.98479599211998e-17
787,1141,"GSM7476449_CGGGTCAAGACGCAAC-1","GSM7476449","II",0.149442509413028,0
788,1142,"GSM7476449_CGTAGCGCATGTTGAC-1","GSM7476449","II",-0.0157093570836669,0
789,1143,"GSM7476449_CTACACCCACGGATAG-1","GSM7476449","II",0.180856413316587,0
790,1144,"GSM7476449_CTCGGAGGTCCGAATT-1","GSM7476449","II",0.0453371706327525,0
791,1146,"GSM7476449_CTGAAACCAGACACTT-1","GSM7476449","II",0.0246340553631247,0
792,1148,"GSM7476449_CTTAACTGTTCTCATT-1","GSM7476449","II",0.0175998344427602,0
793,1151,"GSM7476449_CTTAGGATCCTCCTAG-1","GSM7476449","II",-0.0334503306814765,0
794,1152,"GSM7476449_GAAATGACATACTACG-1","GSM7476449","II",-0.0286920417612259,0
795,1153,"GSM7476449_GAACCTACATGTCTCC-1","GSM7476449","II",-0.0299774222889214,0
796,1155,"GSM7476449_GCATGTATCTGCTTGC-1","GSM7476449","II",0.0442123220271802,0
797,1158,"GSM7476449_GCTCTGTGTGAGCGAT-1","GSM7476449","II",0.015548201850052,0
798,1159,"GSM7476449_GCTGGGTTCTGCCAGG-1","GSM7476449","II",-0.0420903692178266,0
799,1160,"GSM7476449_GCTTCCAAGCCCAGCT-1","GSM7476449","II",0.0416053065347806,0
800,1161,"GSM7476449_GGAAAGCGTGCTAGCC-1","GSM7476449","II",0.0260486637807159,0
801,1162,"GSM7476449_GGAACTTTCCTGCTTG-1","GSM7476449","II",0.0869038896796586,0
802,1164,"GSM7476449_GGCTGGTCAAAGGTGC-1","GSM7476449","II",-0.0225344527139712,0
803,1167,"GSM7476449_GGGATGATCAGTCAGT-1","GSM7476449","II",0.0016829428272623,0
804,1168,"GSM7476449_GGGTTGCTCTGTTGAG-1","GSM7476449","II",0.0327659191134857,0
805,1169,"GSM7476449_GGTGAAGTCTCTGCTG-1","GSM7476449","II",-0.0132268204546739,0
806,1171,"GSM7476449_GTCCTCAGTAAAGGAG-1","GSM7476449","II",-0.0166774248116281,0
807,1173,"GSM7476449_GTTCATTAGCTTCGCG-1","GSM7476449","II",0.0133533352501312,0
808,1174,"GSM7476449_GTTCTCGCATCCAACA-1","GSM7476449","II",-0.0268401966489387,0
809,1176,"GSM7476449_TAAGTGCAGGCGACAT-1","GSM7476449","II",0.0379443418355407,0
810,1177,"GSM7476449_TACGGTAAGCGATATA-1","GSM7476449","II",0.0163066246952961,0
811,1178,"GSM7476449_TACTTACCACTTCGAA-1","GSM7476449","II",0.0262965832470475,0
812,1180,"GSM7476449_TATCTCAGTAATCGTC-1","GSM7476449","II",-0.026251629413717,0
813,1181,"GSM7476449_TCACAAGAGTCAAGGC-1","GSM7476449","II",-0.0030441309090066,4.98732999343332e-17
814,1182,"GSM7476449_TCAGATGGTATCAGTC-1","GSM7476449","II",0.076869048303899,0
815,1184,"GSM7476449_TCGTACCGTCCGTGAC-1","GSM7476449","II",-0.0107035752931079,0
816,1186,"GSM7476449_TCTCTAATCGTCGTTC-1","GSM7476449","II",-0.0017973425706161,6.00648003556969e-17
817,1188,"GSM7476449_TGACAACGTCGCTTTC-1","GSM7476449","II",0.0425797134960676,0
818,1189,"GSM7476449_TGACTTTTCCGAATGT-1","GSM7476449","II",-0.0463490845768444,0
819,1190,"GSM7476449_TGATTTCAGGATATAC-1","GSM7476449","II",0.0055391943738936,7.97972798949331e-17
820,1191,"GSM7476449_TGCACCTGTTTGACAC-1","GSM7476449","II",0.0011694333928259,1.99493199737333e-17
821,1192,"GSM7476449_TGCGCAGTCAGCAACT-1","GSM7476449","II",-0.0289146598036871,0
822,1193,"GSM7476449_TGCTACCAGCGGATCA-1","GSM7476449","II",0.049229137202217,0
823,1194,"GSM7476449_TGGACGCGTCGCCATG-1","GSM7476449","II",0.0024970731445775,4.98732999343332e-17
824,1195,"GSM7476449_TGGTTAGGTTTCCACC-1","GSM7476449","II",0.0024709769931542,7.97972798949331e-17
825,1196,"GSM7476449_TGGTTCCTCCTAAGTG-1","GSM7476449","II",0.0056980735164539,7.02563007770607e-17
826,1197,"GSM7476449_TTAGGACCAGGGTACA-1","GSM7476449","II",0.0007015639246297,6.39679281766448e-17
827,1198,"GSM7476449_TTCGAAGAGGATATAC-1","GSM7476449","II",-0.0127341961018972,0
828,1199,"GSM7476449_TTTATGCCATAGGATA-1","GSM7476449","II",0.0312034128897151,0
829,1200,"GSM7476449_TTTGGTTAGGGTCGAT-1","GSM7476449","II",0.0967128878836827,0
830,1201,"GSM7476450_AAAGGGCGTCCTATAG-1","GSM7476450","III",0.0863644920956181,0
831,1202,"GSM7476450_AAAGGTATCTAACGCA-1","GSM7476450","III",0.0853876711908224,0
832,1203,"GSM7476450_AACAGGGGTCTTGTCC-1","GSM7476450","III",0.102221917734946,0
833,1204,"GSM7476450_AAGAACATCTACTATC-1","GSM7476450","III",0.0316690053604503,0
834,1206,"GSM7476450_AAGGAATCAGCGTGAA-1","GSM7476450","III",0.0895366255226555,0
835,1207,"GSM7476450_AAGTACCTCGTAGTGT-1","GSM7476450","III",0.0987900050946863,0
836,1210,"GSM7476450_AATGGAAAGGTATCTC-1","GSM7476450","III",0.0825664327170169,0
837,1212,"GSM7476450_ACAAGCTGTAGTGGCA-1","GSM7476450","III",0.0663020853928112,0
838,1214,"GSM7476450_ACAGAAATCTAGACCA-1","GSM7476450","III",0.0341272707387784,0
839,1215,"GSM7476450_ACAGCCGTCACGACTA-1","GSM7476450","III",0.0300710943173392,0
840,1217,"GSM7476450_ACCCAAACAGCTGTCG-1","GSM7476450","III",0.10654525615307,0
841,1219,"GSM7476450_ACTACGAAGCTAAACA-1","GSM7476450","III",0.0507998511289746,0
842,1221,"GSM7476450_ACTGTGAGTTTGCAGT-1","GSM7476450","III",0.0931054423827998,0
843,1222,"GSM7476450_ACTTTCAGTGACTGAG-1","GSM7476450","III",0.0540305255300325,0
844,1224,"GSM7476450_AGACCCGAGCGCGTTC-1","GSM7476450","III",0.0597607250206795,0
845,1225,"GSM7476450_AGACCCGGTGTTCGAT-1","GSM7476450","III",0.0372079631613963,0
846,1227,"GSM7476450_AGCTCAAAGTGACACG-1","GSM7476450","III",0.108139824997997,0
847,1228,"GSM7476450_AGGAAATCACTTTATC-1","GSM7476450","III",0.0640242247506512,0
848,1230,"GSM7476450_AGGCATTCAGACCTGC-1","GSM7476450","III",0.0358943072872827,0
849,1233,"GSM7476450_AGTAGTCAGGTACCTT-1","GSM7476450","III",0.108481673487165,0
850,1234,"GSM7476450_AGTGCCGCAGTTTCGA-1","GSM7476450","III",0.0200307824586775,0
851,1236,"GSM7476450_AGTGCCGTCTCTATGT-1","GSM7476450","III",0.104588989038362,0
852,1237,"GSM7476450_ATACTTCCATTAAGCC-1","GSM7476450","III",0.0112086879787822,0
853,1239,"GSM7476450_ATCACTTTCTTCGCTG-1","GSM7476450","III",0.0773607028510443,0
854,1241,"GSM7476450_ATCCACCCATAGTCGT-1","GSM7476450","III",0.0926446599346426,0
855,1244,"GSM7476450_ATCCTATCAGCGGTCT-1","GSM7476450","III",0.0772792109731533,0
856,1245,"GSM7476450_ATCGGATCAGTCGCAC-1","GSM7476450","III",0.147473222767787,0
857,1246,"GSM7476450_ATCGTAGCACGCCACA-1","GSM7476450","III",0.0922518646395285,0
858,1247,"GSM7476450_ATGATCGCATTACGGT-1","GSM7476450","III",0.0834676230717062,0
859,1248,"GSM7476450_ATGCCTCTCATCGCAA-1","GSM7476450","III",0.0588559664440681,0
860,1249,"GSM7476450_ATGGGTTCAGCTCATA-1","GSM7476450","III",0.0950260899489913,0
861,1251,"GSM7476450_ATTCATCAGTTGAAAC-1","GSM7476450","III",0.134489945145361,0
862,1252,"GSM7476450_ATTCATCTCGTTAGAC-1","GSM7476450","III",0.0922359047185671,0
863,1255,"GSM7476450_CAAGCTAGTCGCATCG-1","GSM7476450","III",-0.0438649102877409,0
864,1256,"GSM7476450_CAATTTCAGCACTCAT-1","GSM7476450","III",0.0554385674392675,0
865,1258,"GSM7476450_CACCAAATCCACTTCG-1","GSM7476450","III",0.0746870528471754,0
866,1261,"GSM7476450_CAGCCAGAGCAAACAT-1","GSM7476450","III",0.17718663139828,0
867,1262,"GSM7476450_CAGCGTGCACTCCTGT-1","GSM7476450","III",0.0600912745414246,0
868,1263,"GSM7476450_CAGGTATCATCTGCGG-1","GSM7476450","III",0.0275766313183861,0
869,1264,"GSM7476450_CAGGTATTCACCATAG-1","GSM7476450","III",0.0665263925793306,0
870,1265,"GSM7476450_CATACTTTCAAGAGTA-1","GSM7476450","III",0.102376447848578,0
871,1266,"GSM7476450_CATGCAAAGCATCGAG-1","GSM7476450","III",0.0764549670434172,0
872,1267,"GSM7476450_CATGCAAGTGCCTATA-1","GSM7476450","III",0.081411347391258,0
873,1268,"GSM7476450_CATGGATCACGCAAAG-1","GSM7476450","III",0.0434188467030874,0
874,1271,"GSM7476450_CATTTCAGTCCTACGG-1","GSM7476450","III",0.130553145946298,0
875,1276,"GSM7476450_CCATAAGCATTACGGT-1","GSM7476450","III",0.075237315134795,0
876,1278,"GSM7476450_CCGGGTAGTTTACCTT-1","GSM7476450","III",0.0308412059562032,0
877,1279,"GSM7476450_CCGTTCAGTCATTCCC-1","GSM7476450","III",0.0993597288523552,0
878,1282,"GSM7476450_CCTTGTGCAGAAGCGT-1","GSM7476450","III",0.0386875231332055,0
879,1283,"GSM7476450_CGAGGAAAGCGGACAT-1","GSM7476450","III",0.0892533311820501,0
880,1284,"GSM7476450_CGCGTGAGTGCATGAG-1","GSM7476450","III",0.113759251188853,0
881,1285,"GSM7476450_CGGGACTGTCACCTTC-1","GSM7476450","III",0.0456512171433363,0
882,1286,"GSM7476450_CGTCAAACATTCAGCA-1","GSM7476450","III",0.047093093536823,0
883,1287,"GSM7476450_CGTGCTTTCGATCCAA-1","GSM7476450","III",0.0873028236799725,0
884,1288,"GSM7476450_CGTGTCTCAATGCAGG-1","GSM7476450","III",0.0622764924182249,0
885,1289,"GSM7476450_CTAACCCAGCTCCACG-1","GSM7476450","III",0.0589684402804624,0
886,1292,"GSM7476450_CTACATTAGTTTGCTG-1","GSM7476450","III",0.0826266328006637,0
887,1294,"GSM7476450_CTACCTGAGCCTAACT-1","GSM7476450","III",0.0213879957986153,0
888,1295,"GSM7476450_CTACGGGGTGCAATGG-1","GSM7476450","III",0.0519341419079017,0
889,1296,"GSM7476450_CTACTATAGTTGTAGA-1","GSM7476450","III",0.087528093027561,0
890,1297,"GSM7476450_CTACTATGTTTGGAAA-1","GSM7476450","III",0.0721271179101919,0
891,1298,"GSM7476450_CTAGACAAGCTACTGT-1","GSM7476450","III",0.0279684788572179,0
892,1299,"GSM7476450_CTCAACCCAATTTCGG-1","GSM7476450","III",0.0786864760999273,0
893,1300,"GSM7476450_CTCACTGCATTAAAGG-1","GSM7476450","III",0.0768687913708071,0
894,1303,"GSM7476450_CTGATCCCAATCCAGT-1","GSM7476450","III",0.0257181940439498,0
895,1304,"GSM7476450_CTGCCATTCTTTGCGC-1","GSM7476450","III",0.0903522370635661,0
896,1306,"GSM7476450_CTGCCTATCTGTCTCG-1","GSM7476450","III",0.044481728409533,0
897,1307,"GSM7476450_CTGCTCATCAACCTCC-1","GSM7476450","III",0.02728336139692,0
898,1308,"GSM7476450_CTGGACGCATTCACAG-1","GSM7476450","III",0.0931051837754912,0
899,1309,"GSM7476450_CTGTATTAGGTCGTCC-1","GSM7476450","III",0.0487810072812671,0
900,1310,"GSM7476450_CTGTATTCAAGCCTGC-1","GSM7476450","III",0.0655328675281586,0
901,1311,"GSM7476450_CTTCGGTAGTTGGAAT-1","GSM7476450","III",0.0504209536887177,0
902,1312,"GSM7476450_GAAACCTTCTGTGCGG-1","GSM7476450","III",0.093274204698118,0
903,1313,"GSM7476450_GAAATGATCCGCTTAC-1","GSM7476450","III",0.0784345844361541,0
904,1315,"GSM7476450_GAACTGTTCAGACATC-1","GSM7476450","III",0.053225678171621,0
905,1316,"GSM7476450_GAATCACTCCCTCGTA-1","GSM7476450","III",0.0655747495556343,0
906,1317,"GSM7476450_GAATCACTCTACCACC-1","GSM7476450","III",0.106613838668343,0
907,1318,"GSM7476450_GACGCTGCACTAGTAC-1","GSM7476450","III",-0.0061458083431988,2.94902990916057e-17
908,1320,"GSM7476450_GACTGATGTACTCCCT-1","GSM7476450","III",0.0104810542964447,0
909,1322,"GSM7476450_GAGTGAGAGTTCCGGC-1","GSM7476450","III",0.078311615459415,0
910,1323,"GSM7476450_GATCACACACACAGAG-1","GSM7476450","III",0.0447409519098156,0
911,1326,"GSM7476450_GATCGTAGTTCGATTG-1","GSM7476450","III",0.0138013628444306,0
912,1327,"GSM7476450_GCAACATTCGGCTATA-1","GSM7476450","III",0.0725083548600624,0
913,1329,"GSM7476450_GCATGATTCCGCGATG-1","GSM7476450","III",0.0388143094484154,0
914,1334,"GSM7476450_GCCCGAATCTCTCTAA-1","GSM7476450","III",0.110538735595302,0
915,1336,"GSM7476450_GCTTCACGTCCAATCA-1","GSM7476450","III",0.0669765298527649,0
916,1337,"GSM7476450_GGAGGTATCTCGGTCT-1","GSM7476450","III",0.0324025283560423,0
917,1339,"GSM7476450_GGGAAGTTCTAGCCAA-1","GSM7476450","III",0.0406571610253424,0
918,1340,"GSM7476450_GGGACCTCACTAACGT-1","GSM7476450","III",0.0501968832450271,0
919,1341,"GSM7476450_GGTAATCCACCTGAAT-1","GSM7476450","III",0.0382951075899987,0
920,1343,"GSM7476450_GGTCTGGGTTGGACTT-1","GSM7476450","III",0.034737487684946,0
921,1344,"GSM7476450_GGTGGCTTCAAGTGGG-1","GSM7476450","III",0.0573978538964737,0
922,1345,"GSM7476450_GGTTAACAGGTATCTC-1","GSM7476450","III",0.0235080810827584,0
923,1346,"GSM7476450_GGTTAACCACGCAAAG-1","GSM7476450","III",0.0575434876606293,0
924,1347,"GSM7476450_GTAACACTCTCTATGT-1","GSM7476450","III",0.16452045378328,0
925,1348,"GSM7476450_GTAGATCAGCTCCACG-1","GSM7476450","III",0.0220193072341913,0
926,1351,"GSM7476450_GTCAAGTTCTGAGAGG-1","GSM7476450","III",0.0695281370313804,0
927,1352,"GSM7476450_GTCATGAAGAGGTCAC-1","GSM7476450","III",0.153532949741776,0
928,1353,"GSM7476450_GTCATGATCGATACGT-1","GSM7476450","III",0.0730342746388457,0
929,1354,"GSM7476450_GTCATGATCTTACTGT-1","GSM7476450","III",0.10854934239224,0
930,1355,"GSM7476450_GTCCCATCACTGTTCC-1","GSM7476450","III",0.108484581364767,0
931,1357,"GSM7476450_GTGCGTGCACAGAAGC-1","GSM7476450","III",0.0151742230741109,0
932,1358,"GSM7476450_GTGGAAGAGTAAGACT-1","GSM7476450","III",0.0712021794745346,0
933,1359,"GSM7476450_GTGGCGTTCGTCTAAG-1","GSM7476450","III",0.0708202594809595,0
934,1360,"GSM7476450_GTGGTTACACCCAACG-1","GSM7476450","III",0.0774817433723551,0
935,1361,"GSM7476450_GTGGTTAGTGTTATCG-1","GSM7476450","III",0.0288595613649362,0
936,1362,"GSM7476450_GTTACCCTCGCTGTTC-1","GSM7476450","III",-0.0882085734269666,0
937,1364,"GSM7476450_GTTTACTGTAATCAGA-1","GSM7476450","III",0.0511195629253742,0
938,1365,"GSM7476450_GTTTGGAGTCGTATTG-1","GSM7476450","III",0.0759931936207063,0
939,1367,"GSM7476450_TAATCTCGTACTCCGG-1","GSM7476450","III",0.094912333296243,0
940,1369,"GSM7476450_TACCCACGTCCCGGTA-1","GSM7476450","III",0.0461773635093925,0
941,1372,"GSM7476450_TAGCACACACTAGGTT-1","GSM7476450","III",0.0430409967573478,0
942,1373,"GSM7476450_TAGGGTTGTACGTACT-1","GSM7476450","III",0.0949966432609342,0
943,1374,"GSM7476450_TATCCTAGTCTACACA-1","GSM7476450","III",0.045410222708895,0
944,1375,"GSM7476450_TATCGCCAGCGTTACT-1","GSM7476450","III",0.0697458784411926,0
945,1376,"GSM7476450_TCAATTCGTTTCAGAC-1","GSM7476450","III",0.0518039792594894,0
946,1377,"GSM7476450_TCAATTCTCTAAGGAA-1","GSM7476450","III",-0.000131587059314,7.99870152751181e-17
947,1386,"GSM7476450_TCCATCGTCTTCACGC-1","GSM7476450","III",0.0311810759552924,0
948,1389,"GSM7476450_TCGCACTAGTGGTGAC-1","GSM7476450","III",0.152365831098023,0
949,1390,"GSM7476450_TCGCAGGTCATGGAGG-1","GSM7476450","III",0.0386760990827821,0
950,1391,"GSM7476450_TCGGGCAGTTGTTTGG-1","GSM7476450","III",0.0415746627651577,0
951,1392,"GSM7476450_TCGGGTGGTGTATACC-1","GSM7476450","III",0.0285928800034248,0
952,1393,"GSM7476450_TCGTAGAGTCCAAGAG-1","GSM7476450","III",0.110361878171305,0
953,1395,"GSM7476450_TCTATCAGTGGAACAC-1","GSM7476450","III",0.0959169369770109,0
954,1396,"GSM7476450_TCTCCGATCTAGATCG-1","GSM7476450","III",0.0443364002543534,0
955,1398,"GSM7476450_TGAGGTTCAAGCTCTA-1","GSM7476450","III",0.0862161615787137,0
956,1399,"GSM7476450_TGCAGATAGCGCTGAA-1","GSM7476450","III",0.0861438578230055,0
957,1400,"GSM7476450_TGCATGAGTGACTGAG-1","GSM7476450","III",0.0379557866783312,0
958,1401,"GSM7476450_TGCGATACAAGATCCT-1","GSM7476450","III",0.0912673906691805,0
959,1402,"GSM7476450_TGGAGGAAGACATATG-1","GSM7476450","III",0.0873959409023221,0
960,1405,"GSM7476450_TGGTTAGGTCGCAGTC-1","GSM7476450","III",0.0759324606410983,0
961,1406,"GSM7476450_TGGTTAGGTCGGTGTC-1","GSM7476450","III",0.0213115563496256,0
962,1408,"GSM7476450_TTAATCCTCTCCTACG-1","GSM7476450","III",0.0531230686336421,0
963,1409,"GSM7476450_TTACGCCCAGAAGCTG-1","GSM7476450","III",0.067106743587517,0
964,1411,"GSM7476450_TTATTGCAGCTAGTTC-1","GSM7476450","III",0.0533579760188594,0
965,1412,"GSM7476450_TTCAATCCAATATCCG-1","GSM7476450","III",0.0843530558119266,0
966,1414,"GSM7476450_TTCCACGTCTCGCTCA-1","GSM7476450","III",0.0574946773925807,0
967,1417,"GSM7476450_TTGATGGCAGATACTC-1","GSM7476450","III",0.0636320380642566,0
968,1418,"GSM7476450_TTGATGGGTTTGGGTT-1","GSM7476450","III",0.0781486791933619,0
969,1419,"GSM7476450_TTGCTGCGTGTTACAC-1","GSM7476450","III",0.0728486240363669,0
970,1420,"GSM7476450_TTGGGATAGTTGGAAT-1","GSM7476450","III",0.0637110903357336,0
971,1421,"GSM7476450_TTTACGTTCTGTCGTC-1","GSM7476450","III",0.0614953896161434,0
972,1422,"GSM7476450_TTTACTGGTAGGTGCA-1","GSM7476450","III",0.0099694857950323,1.90819582357449e-17
973,1424,"GSM7476450_TTTCCTCGTAACGGTG-1","GSM7476450","III",0.0977586393831798,0
974,1426,"GSM7476451_AAACGCTGTAGATCGG-1","GSM7476451","III",0.0277323635087267,0
975,1427,"GSM7476451_AAAGAACGTGCAGGAT-1","GSM7476451","III",-0.0757497186748313,0
976,1428,"GSM7476451_AAAGGATGTAGAGACC-1","GSM7476451","III",-0.0641963846006479,0
977,1429,"GSM7476451_AAAGGATGTCTCTCTG-1","GSM7476451","III",-0.0067284704353788,0
978,1430,"GSM7476451_AACAAGAAGAGGTTTA-1","GSM7476451","III",-0.0207115008270368,0
979,1431,"GSM7476451_AACCATGAGCCTGAAG-1","GSM7476451","III",0.14340308418323,0
980,1432,"GSM7476451_AATCACGAGTAATCCC-1","GSM7476451","III",-0.0876817961550169,0
981,1433,"GSM7476451_AATGGAACAGTGTGCC-1","GSM7476451","III",-0.0445950727240597,0
982,1434,"GSM7476451_ACACAGTCATCTCATT-1","GSM7476451","III",0.0687235322535283,0
983,1435,"GSM7476451_ACAGCCGAGGGCTAAC-1","GSM7476451","III",0.0188549257530269,0
984,1436,"GSM7476451_ACAGGGAGTCATGGCC-1","GSM7476451","III",-0.099620849555916,0
985,1437,"GSM7476451_ACGATCAGTGCGTGCT-1","GSM7476451","III",-0.0575048519924278,0
986,1438,"GSM7476451_ACGATGTAGCGGATCA-1","GSM7476451","III",0.010400122591582,0
987,1439,"GSM7476451_ACGTACAGTACTCGTA-1","GSM7476451","III",0.0025731259341105,8.97719398817998e-17
988,1440,"GSM7476451_ACTATCTAGCGCCTCA-1","GSM7476451","III",-0.0291538267796962,0
989,1441,"GSM7476451_ACTATGGGTTTCGTTT-1","GSM7476451","III",0.069540005664213,0
990,1442,"GSM7476451_ACTGTCCTCCAGTGTA-1","GSM7476451","III",0.00433250262103,9.54097911787244e-18
991,1443,"GSM7476451_AGATAGAGTACTCCGG-1","GSM7476451","III",-0.030295146565657,0
992,1444,"GSM7476451_AGGGCCTGTCCGTACG-1","GSM7476451","III",0.0833485490439849,0
993,1445,"GSM7476451_AGGTTGTTCGTACCTC-1","GSM7476451","III",-0.0602687994912969,0
994,1446,"GSM7476451_AGTCATGTCGTCGACG-1","GSM7476451","III",0.0630414103006274,0
995,1447,"GSM7476451_ATACCGAAGTTACGAA-1","GSM7476451","III",-0.0343298567702098,0
996,1448,"GSM7476451_ATCATTCAGGAGGTTC-1","GSM7476451","III",-0.0960201756034875,0
997,1449,"GSM7476451_ATCGATGAGGCACGAT-1","GSM7476451","III",-0.0459084748523755,0
998,1450,"GSM7476451_ATCGCCTGTCTTCATT-1","GSM7476451","III",-0.0695966915778862,0
999,1451,"GSM7476451_ATCGGATTCGCAGAGA-1","GSM7476451","III",0.0163275695626718,0
1000,1453,"GSM7476451_ATTATCCTCTGTGTGA-1","GSM7476451","III",0.0143228042001056,0
1001,1454,"GSM7476451_ATTCTTGGTATCCTCC-1","GSM7476451","III",-0.0380146128904872,0
1002,1455,"GSM7476451_ATTTCACAGTCACAGG-1","GSM7476451","III",-0.0714120394109727,0
1003,1456,"GSM7476451_CACACAAGTACGACAG-1","GSM7476451","III",-0.0336146100370925,0
1004,1457,"GSM7476451_CACATGATCCACAGCG-1","GSM7476451","III",0.0874855046804638,0
1005,1458,"GSM7476451_CACTAAGCACGAAAGC-1","GSM7476451","III",0.0596335559528627,0
1006,1459,"GSM7476451_CAGCAATCACCGTGCA-1","GSM7476451","III",0.0060816963408814,9.0205620750794e-17
1007,1460,"GSM7476451_CATCCCAAGAGAGCAA-1","GSM7476451","III",0.0054135832988839,1.04083408558608e-17
1008,1461,"GSM7476451_CATGCGGAGATGCTGG-1","GSM7476451","III",0.0158730153138024,0
1009,1463,"GSM7476451_CATGCTCCAAGCGAGT-1","GSM7476451","III",-0.0648948599460035,0
1010,1464,"GSM7476451_CATTCTAGTATGCGTT-1","GSM7476451","III",-0.0565211554211618,0
1011,1465,"GSM7476451_CCAATTTTCTTAGCTT-1","GSM7476451","III",-0.0250290319777626,0
1012,1466,"GSM7476451_CCACACTCATTGCAAC-1","GSM7476451","III",0.127671856813949,0
1013,1467,"GSM7476451_CCGTTCATCTGAGTCA-1","GSM7476451","III",0.0704963927441188,0
1014,1468,"GSM7476451_CCTTGTGAGCCGAACA-1","GSM7476451","III",0.0661625037754419,0
1015,1469,"GSM7476451_CGATCGGGTGACATCT-1","GSM7476451","III",-0.025021537997883,0
1016,1470,"GSM7476451_CGCGTGATCGCTATTT-1","GSM7476451","III",-0.0184348161938956,0
1017,1471,"GSM7476451_CGGTCAGTCAAAGAAC-1","GSM7476451","III",0.0409249336807241,0
1018,1472,"GSM7476451_CGTCCATGTGTGACCC-1","GSM7476451","III",0.108112724814087,0
1019,1473,"GSM7476451_CGTTCTGGTACTCCGG-1","GSM7476451","III",-0.0528801865697191,0
1020,1474,"GSM7476451_CGTTGGGTCGTCGGGT-1","GSM7476451","III",0.136494818929781,0
1021,1475,"GSM7476451_CTAGGTAGTGCGTGCT-1","GSM7476451","III",-0.0014084372496845,3.98986399474666e-17
1022,1477,"GSM7476451_CTCAGAAGTTAGGACG-1","GSM7476451","III",0.0057243642965816,9.0205620750794e-17
1023,1478,"GSM7476451_CTCAGGGAGCCACCGT-1","GSM7476451","III",0.0017360571658372,6.00648003556969e-17
1024,1480,"GSM7476451_CTCATGCAGGAGTACC-1","GSM7476451","III",0.0175591961032317,0
1025,1481,"GSM7476451_CTCCCAAAGTGGATTA-1","GSM7476451","III",-0.0423905329605549,0
1026,1482,"GSM7476451_CTCCTCCAGTTATGGA-1","GSM7476451","III",-0.0558175005140464,0
1027,1484,"GSM7476451_CTGCGAGGTGCCCGTA-1","GSM7476451","III",-0.0279028779691357,0
1028,1485,"GSM7476451_CTGGACGCACTTTAGG-1","GSM7476451","III",0.198918738365858,0
1029,1486,"GSM7476451_CTGTACCGTAAGCTCT-1","GSM7476451","III",0.169554036183334,0
1030,1487,"GSM7476451_CTTCGGTAGGACTGGT-1","GSM7476451","III",-0.0460853680947639,0
1031,1488,"GSM7476451_CTTCTCTTCGCACGAC-1","GSM7476451","III",0.14703983482801,0
1032,1490,"GSM7476451_GAATCGTCAAAGCTAA-1","GSM7476451","III",-0.0088659132706129,1.04083408558608e-17
1033,1491,"GSM7476451_GACCAATAGCCTCGTG-1","GSM7476451","III",-0.0294447124238918,0
1034,1492,"GSM7476451_GACCAATCATCTAACG-1","GSM7476451","III",-0.0204377308379584,0
1035,1493,"GSM7476451_GACCCTTTCTGCGATA-1","GSM7476451","III",0.0005217114622645,6.49437101318817e-17
1036,1494,"GSM7476451_GACTATGGTACACGCC-1","GSM7476451","III",-0.0425116789944497,0
1037,1495,"GSM7476451_GAGAGGTTCTCGGCTT-1","GSM7476451","III",-0.0106213013909912,0
1038,1498,"GSM7476451_GAGTCATAGTGGAAGA-1","GSM7476451","III",-0.0169636080779617,0
1039,1500,"GSM7476451_GATGAGGGTGGTCCGT-1","GSM7476451","III",-0.0300174183341308,0
1040,1501,"GSM7476451_GATGCTAAGTGGCCTC-1","GSM7476451","III",0.0127250597459488,0
1041,1502,"GSM7476451_GATGGAGCAGAACTAA-1","GSM7476451","III",-0.053867040564761,0
1042,1503,"GSM7476451_GCAACATAGTTGTAAG-1","GSM7476451","III",0.0350336916077274,0
1043,1504,"GSM7476451_GCCAGGTCACCATTCC-1","GSM7476451","III",-0.0514346956714086,0
1044,1505,"GSM7476451_GCGGAAAGTGTCCGGT-1","GSM7476451","III",-0.0023684759001647,3.03576608295941e-17
1045,1506,"GSM7476451_GGAGCAAAGTGGAATT-1","GSM7476451","III",0.0721743499110907,0
1046,1507,"GSM7476451_GGCAGTCAGTGGAAGA-1","GSM7476451","III",-0.0936923172731862,0
1047,1508,"GSM7476451_GGCTGTGTCGAGATGG-1","GSM7476451","III",-0.0103055707487282,0
1048,1509,"GSM7476451_GGGACAATCACATCAG-1","GSM7476451","III",-0.0111843248142232,0
1049,1510,"GSM7476451_GGGCGTTTCTGGGTCG-1","GSM7476451","III",0.0325906707575831,0
1050,1511,"GSM7476451_GGTCTGGAGAATCGTA-1","GSM7476451","III",0.0782753130601844,0
1051,1512,"GSM7476451_GTAACCAGTTCTTGTT-1","GSM7476451","III",0.0946095881419209,0
1052,1514,"GSM7476451_GTCAGCGCACAATCTG-1","GSM7476451","III",-0.0305676416610343,0
1053,1515,"GSM7476451_GTCGCGACAGACCAGA-1","GSM7476451","III",-0.111860237558184,0
1054,1516,"GSM7476451_GTCTAGAAGCCGATTT-1","GSM7476451","III",-0.0295756608941809,0
1055,1517,"GSM7476451_GTCTTTAGTCCCTGAG-1","GSM7476451","III",-0.0757227735862639,0
1056,1519,"GSM7476451_GTTCATTCAACCCTAA-1","GSM7476451","III",-0.0342125473953457,0
1057,1520,"GSM7476451_TACAGGTGTCGATTTG-1","GSM7476451","III",0.0067333495892172,3.98986399474666e-17
1058,1522,"GSM7476451_TACGTCCTCTGTAAGC-1","GSM7476451","III",0.0505234646885337,0
1059,1523,"GSM7476451_TAGACCACAATAACCC-1","GSM7476451","III",-0.0024218824462036,4.03323208164608e-17
1060,1524,"GSM7476451_TAGACCAGTTCGCGTG-1","GSM7476451","III",-0.0292186302111397,0
1061,1525,"GSM7476451_TATACCTGTAGTCACT-1","GSM7476451","III",0.143052310283913,0
1062,1526,"GSM7476451_TATTGGGCAATGACCT-1","GSM7476451","III",0.0434262833538369,0
1063,1527,"GSM7476451_TATTGGGGTCTCTCCA-1","GSM7476451","III",-0.0438219155135548,0
1064,1528,"GSM7476451_TCAATCTCAAGTCCAT-1","GSM7476451","III",0.0116881957090984,0
1065,1529,"GSM7476451_TCACAAGAGTGGTTAA-1","GSM7476451","III",0.14536600972557,0
1066,1530,"GSM7476451_TCAGCAAAGCTGCGAA-1","GSM7476451","III",-0.0081756876408221,7.11236625150491e-17
1067,1533,"GSM7476451_TCAGTGACAATTAGGA-1","GSM7476451","III",0.0205169533894867,0
1068,1535,"GSM7476451_TCATGGAAGTGATCGG-1","GSM7476451","III",0.0693592794249775,0
1069,1536,"GSM7476451_TCATTTGCAGCTATAC-1","GSM7476451","III",-0.0318190916932899,0
1070,1537,"GSM7476451_TCCCAGTAGTAGAATC-1","GSM7476451","III",-0.0017579891805012,8.00141203294302e-17
1071,1538,"GSM7476451_TCCGGGACATCTAACG-1","GSM7476451","III",-0.076913098250022,0
1072,1540,"GSM7476451_TCCTTTCGTGAATAAC-1","GSM7476451","III",-0.0593228579204741,0
1073,1542,"GSM7476451_TCGACGGAGTGAACAT-1","GSM7476451","III",-0.035781483858915,0
1074,1543,"GSM7476451_TCGACGGCAGGTTCCG-1","GSM7476451","III",0.0635912553722725,0
1075,1544,"GSM7476451_TCGCTCATCGGTTCAA-1","GSM7476451","III",0.0551001505194454,0
1076,1548,"GSM7476451_TGAGCATTCCGTGGGT-1","GSM7476451","III",-0.0361367550870538,0
1077,1549,"GSM7476451_TGAGCGCAGGCCTGCT-1","GSM7476451","III",-0.0213904449161908,0
1078,1551,"GSM7476451_TGCTCCATCCCGAATA-1","GSM7476451","III",0.0310353161534948,0
1079,1552,"GSM7476451_TGCTCGTTCTTAAGGC-1","GSM7476451","III",0.0699892346063314,0
1080,1553,"GSM7476451_TGGATCAAGTTCGGTT-1","GSM7476451","III",0.021118248053749,0
1081,1554,"GSM7476451_TGGCGTGCAACTGCCG-1","GSM7476451","III",-0.0330316141647995,0
1082,1555,"GSM7476451_TGGTGATTCTCGTGGG-1","GSM7476451","III",-0.0057886828266196,1.99493199737333e-17
1083,1556,"GSM7476451_TGTAAGCTCGGCCCAA-1","GSM7476451","III",-0.0279775871767352,0
1084,1558,"GSM7476451_TGTCCTGAGATGCAGC-1","GSM7476451","III",0.0482749722974159,0
1085,1559,"GSM7476451_TGTCCTGTCCTACACC-1","GSM7476451","III",-0.0443081971864476,0
1086,1561,"GSM7476451_TGTTCCGGTTGCGGCT-1","GSM7476451","III",-0.0776125459118919,0
1087,1565,"GSM7476451_TTCTAACCATCCGGCA-1","GSM7476451","III",0.0232659309154307,0
1088,1567,"GSM7476451_TTGGGATAGTATAGAC-1","GSM7476451","III",-0.0535793492053649,0
1089,1568,"GSM7476451_TTGTGTTGTTGTGGCC-1","GSM7476451","III",0.0083884435838349,9.0205620750794e-17
1090,1569,"GSM7476451_TTTACTGAGAGTAACT-1","GSM7476451","III",-0.0331380475928141,0
1091,1570,"GSM7476451_TTTGACTCACGGGCTT-1","GSM7476451","III",0.0021251782151547,5.98479599211998e-17
1092,1571,"GSM7476452_AACCAACTCTACCTTA-1","GSM7476452","III",0.0500250570238384,0
1093,1573,"GSM7476452_AGCTCAAGTCCATAGT-1","GSM7476452","III",0.0269514208547044,0
1094,1575,"GSM7476452_ATAGAGAGTTGCTTGA-1","GSM7476452","III",0.116370361704716,0
1095,1577,"GSM7476452_CGACAGCAGCCATTTG-1","GSM7476452","III",0.0794961560259915,0
1096,1578,"GSM7476452_GAGAGGTTCCAACACA-1","GSM7476452","III",0.0086274990724607,1.04083408558608e-17
1097,1580,"GSM7476452_GCACTAATCATGCGGC-1","GSM7476452","III",0.119976573037646,0
1098,1581,"GSM7476452_GGCTGTGTCCGTGTAA-1","GSM7476452","III",0.143898641766301,0
1099,1582,"GSM7476452_TCGATTTCATATCGGT-1","GSM7476452","III",0.0779073140720052,0
1100,1583,"GSM7476452_TCTTTGACAATCAAGA-1","GSM7476452","III",-0.0095432488135047,6.07153216591882e-17
1101,1586,"GSM7476453_AACCATGAGGTCGTCC-1","GSM7476453","III",0.167160369971348,0
1102,1587,"GSM7476453_AACGAAAAGATTGAGT-1","GSM7476453","III",0.0077565493874301,1.99493199737333e-17
1103,1590,"GSM7476453_AAGGTAAGTCAATGGG-1","GSM7476453","III",0.126358441500298,0
1104,1591,"GSM7476453_AATCGACGTTAAACAG-1","GSM7476453","III",-0.037109055794993,0
1105,1593,"GSM7476453_ACAAAGATCGGCATAT-1","GSM7476453","III",-0.0024492451003387,7.97972798949331e-17
1106,1597,"GSM7476453_ACCTGTCGTGATCGTT-1","GSM7476453","III",0.075840082323636,0
1107,1599,"GSM7476453_ACGTACATCGCGAAGA-1","GSM7476453","III",0.0192590546355782,0
1108,1601,"GSM7476453_ACTGTGAAGAAAGCGA-1","GSM7476453","III",0.0408548973596893,0
1109,1602,"GSM7476453_AGACCATCAATGACCT-1","GSM7476453","III",0.10816123979635,0
1110,1606,"GSM7476453_AGATCGTCATTGTACG-1","GSM7476453","III",0.0358960097204663,0
1111,1609,"GSM7476453_AGCTCAAGTTCGAGCC-1","GSM7476453","III",0.185601460085899,0
1112,1610,"GSM7476453_AGCTCAATCAAGAGGC-1","GSM7476453","III",0.076676437399158,0
1113,1611,"GSM7476453_AGTCTCCTCAGCCTTC-1","GSM7476453","III",0.128205959219318,0
1114,1612,"GSM7476453_ATAGGCTTCGATGCAT-1","GSM7476453","III",0.195552310380662,0
1115,1613,"GSM7476453_ATATCCTTCTTCTGGC-1","GSM7476453","III",-0.0131164804474105,0
1116,1614,"GSM7476453_ATCCACCAGTATGACA-1","GSM7476453","III",0.0749811348304912,0
1117,1615,"GSM7476453_ATCCCTGCAGCCTTCT-1","GSM7476453","III",0.137195642732565,0
1118,1618,"GSM7476453_ATCTCTAGTCACTCGG-1","GSM7476453","III",0.107723144032315,0
1119,1619,"GSM7476453_ATGACCAAGGTTTACC-1","GSM7476453","III",0.144487313479912,0
1120,1621,"GSM7476453_ATGGGTTGTATGGTTC-1","GSM7476453","III",0.152241298769347,0
1121,1622,"GSM7476453_ATTCACTCAATGTCAC-1","GSM7476453","III",0.0808514856092082,0
1122,1624,"GSM7476453_ATTGTTCCATCATGAC-1","GSM7476453","III",0.0535423286684456,0
1123,1625,"GSM7476453_ATTGTTCTCGGACAAG-1","GSM7476453","III",0.0276861525892173,0
1124,1627,"GSM7476453_CAACCTCCACACCTTC-1","GSM7476453","III",0.126535081704604,0
1125,1628,"GSM7476453_CAACGGCGTTCAATCG-1","GSM7476453","III",-0.0038683967734201,8.97719398817998e-17
1126,1631,"GSM7476453_CAGATACTCGCCACTT-1","GSM7476453","III",0.148646025947091,0
1127,1633,"GSM7476453_CAGGTATGTCTTACAG-1","GSM7476453","III",-0.0076869017775966,5.98479599211998e-17
1128,1634,"GSM7476453_CAGTTCCCACTCCGGA-1","GSM7476453","III",0.0867671022540616,0
1129,1637,"GSM7476453_CATGAGTCAGTGACCC-1","GSM7476453","III",0.148837505306572,0
1130,1639,"GSM7476453_CATGCTCGTGTTGACT-1","GSM7476453","III",0.138896461888031,0
1131,1644,"GSM7476453_CCACGTTCATTCGATG-1","GSM7476453","III",0.176108323980956,0
1132,1645,"GSM7476453_CCCATTGAGAAAGCGA-1","GSM7476453","III",0.031503425742011,0
1133,1648,"GSM7476453_CCCGAAGGTTGCTCGG-1","GSM7476453","III",0.0382840273795743,0
1134,1650,"GSM7476453_CCCTCAAGTATGAAGT-1","GSM7476453","III",0.0416413422926157,0
1135,1653,"GSM7476453_CCGGTAGGTCAAATCC-1","GSM7476453","III",0.137169999821083,0
1136,1654,"GSM7476453_CCGTAGGCATCGAGCC-1","GSM7476453","III",-0.0168708381203473,0
1137,1655,"GSM7476453_CCTGCATTCCACTTCG-1","GSM7476453","III",-0.0113395342702528,0
1138,1656,"GSM7476453_CCTTCAGTCTCCTGTG-1","GSM7476453","III",-0.000518012288963,6.70036942596042e-17
1139,1658,"GSM7476453_CGAGTTAAGTACTGTC-1","GSM7476453","III",0.0012718102235529,4.98732999343332e-17
1140,1660,"GSM7476453_CGTAAGTGTAGTGTGG-1","GSM7476453","III",0.159364973584543,0
1141,1661,"GSM7476453_CGTGAATCATAAGATG-1","GSM7476453","III",0.0404015697894936,0
1142,1662,"GSM7476453_CGTTCTGTCGCCATAA-1","GSM7476453","III",-0.0236253546021745,0
1143,1664,"GSM7476453_CTCAACCAGCGGTAAC-1","GSM7476453","III",0.0078679550419938,5.03069808033274e-17
1144,1666,"GSM7476453_CTCCAACTCAGAATAG-1","GSM7476453","III",-0.0151061090967199,0
1145,1667,"GSM7476453_CTCCATGCACGATAGG-1","GSM7476453","III",-0.0026812394260412,9.0205620750794e-17
1146,1668,"GSM7476453_CTCCCTCTCTATCACT-1","GSM7476453","III",-0.0126143851114074,0
1147,1672,"GSM7476453_CTGGTCTAGACCAGCA-1","GSM7476453","III",0.0545737108944468,0
1148,1679,"GSM7476453_GAAGCGAAGTCCGCCA-1","GSM7476453","III",0.0235427209725084,0
1149,1683,"GSM7476453_GAGAGGTGTCTGTCCT-1","GSM7476453","III",0.0859271324878822,0
1150,1684,"GSM7476453_GAGATGGCAGTGCCTG-1","GSM7476453","III",0.0431145755861284,0
1151,1686,"GSM7476453_GAGCCTGTCGACCTAA-1","GSM7476453","III",0.121671786428969,0
1152,1687,"GSM7476453_GAGGGATCAACACAGG-1","GSM7476453","III",0.0131219949938912,0
1153,1688,"GSM7476453_GAGTTACGTATGGGAC-1","GSM7476453","III",0.0041775652065573,9.54097911787244e-18
1154,1689,"GSM7476453_GAGTTGTTCAGTGCGC-1","GSM7476453","III",-0.0354535456688835,0
1155,1691,"GSM7476453_GATCACACACTGGCCA-1","GSM7476453","III",0.0102279613285451,0
1156,1693,"GSM7476453_GATCCCTCATAGGTAA-1","GSM7476453","III",0.179042300205783,0
1157,1695,"GSM7476453_GATGGAGTCACTGGGC-1","GSM7476453","III",0.027777810212539,0
1158,1696,"GSM7476453_GATGTTGGTTAAGACA-1","GSM7476453","III",0.0603787822107326,0
1159,1697,"GSM7476453_GATGTTGTCCTCACTG-1","GSM7476453","III",0.040477713938554,0
1160,1698,"GSM7476453_GATTCTTAGACTTGTC-1","GSM7476453","III",0.0148397629070885,0
1161,1701,"GSM7476453_GCATCGGAGGCGACAT-1","GSM7476453","III",0.102224878406223,0
1162,1702,"GSM7476453_GCCAGCATCCACACAA-1","GSM7476453","III",0.124128342858881,0
1163,1703,"GSM7476453_GCCGATGGTGCCTGAC-1","GSM7476453","III",-0.0394553871386365,0
1164,1704,"GSM7476453_GCTCAAATCCATTTAC-1","GSM7476453","III",0.10064623727183,0
1165,1705,"GSM7476453_GCTTCACAGTAGAGTT-1","GSM7476453","III",0.0850139546196219,0
1166,1707,"GSM7476453_GGATGTTTCGACCTAA-1","GSM7476453","III",0.166726943495296,0
1167,1708,"GSM7476453_GGCACGTGTTCTAACG-1","GSM7476453","III",0.102431140223444,0
1168,1711,"GSM7476453_GGGCGTTTCATTTGGG-1","GSM7476453","III",0.19955943699896,0
1169,1713,"GSM7476453_GGTCACGAGCTAAACA-1","GSM7476453","III",-0.0013879691756463,9.97465998686664e-18
1170,1714,"GSM7476453_GGTTAACTCTTGAACG-1","GSM7476453","III",0.0337094307410358,0
1171,1718,"GSM7476453_GTCATCCAGTTGCCCG-1","GSM7476453","III",0.0236758897341081,0
1172,1720,"GSM7476453_GTCGCGATCTATACGG-1","GSM7476453","III",0.114097152266875,0
1173,1722,"GSM7476453_GTGAGTTGTGTTGCCG-1","GSM7476453","III",0.11872643056806,0
1174,1725,"GSM7476453_GTGCGTGAGCGCCGTT-1","GSM7476453","III",0.0861958918905106,0
1175,1727,"GSM7476453_GTGTAACTCGACCTAA-1","GSM7476453","III",0.0764119327559976,0
1176,1728,"GSM7476453_GTGTCCTTCTCGTCGT-1","GSM7476453","III",0.0366424011800446,0
1177,1730,"GSM7476453_GTGTGGCCATGGTGGA-1","GSM7476453","III",-0.0093498080186028,0
1178,1732,"GSM7476453_GTTTACTCAAAGCTAA-1","GSM7476453","III",-0.0138131003884763,0
1179,1735,"GSM7476453_TAATTCCAGAGTTGAT-1","GSM7476453","III",-0.0049010059067066,9.54097911787244e-18
1180,1736,"GSM7476453_TAATTCCGTACACGCC-1","GSM7476453","III",0.0017370619718306,6.00648003556969e-17
1181,1737,"GSM7476453_TACCCGTAGCTGACCC-1","GSM7476453","III",-0.0064987333227283,0
1182,1739,"GSM7476453_TACTGCCCAACATCGT-1","GSM7476453","III",0.0539219481491038,0
1183,1740,"GSM7476453_TACTTACTCATGGTAC-1","GSM7476453","III",-0.0292897478208232,0
1184,1742,"GSM7476453_TAGAGTCTCATGACAC-1","GSM7476453","III",0.0394744732030993,0
1185,1744,"GSM7476453_TAGGTTGTCTATCGTT-1","GSM7476453","III",0.0122580467463849,0
1186,1746,"GSM7476453_TCACGCTAGCTCTGTA-1","GSM7476453","III",0.0468322274542235,0
1187,1747,"GSM7476453_TCACGCTAGTTACGAA-1","GSM7476453","III",0.0621677480722972,0
1188,1748,"GSM7476453_TCACTATCACTAGGTT-1","GSM7476453","III",-0.012225077574532,0
1189,1750,"GSM7476453_TCAGGGCGTGAGATAT-1","GSM7476453","III",0.0359858169507649,0
1190,1751,"GSM7476453_TCAGGTATCTGTCGTC-1","GSM7476453","III",0.178723033958951,0
1191,1752,"GSM7476453_TCAGTGAGTCGTATGT-1","GSM7476453","III",0.0580851810654047,0
1192,1754,"GSM7476453_TCATATCCACCCTATC-1","GSM7476453","III",0.020588199829048,0
1193,1761,"GSM7476453_TCCCACATCTGCGTCT-1","GSM7476453","III",0.0972878516761287,0
1194,1763,"GSM7476453_TCCGGGATCAAAGCCT-1","GSM7476453","III",0.0632819787175275,0
1195,1767,"GSM7476453_TCGGGTGTCCTTGGAA-1","GSM7476453","III",0.0055102193733052,1.99493199737333e-17
1196,1768,"GSM7476453_TCGGGTGTCGCCGAGT-1","GSM7476453","III",0.20182887729108,0
1197,1769,"GSM7476453_TCGGTCTAGGTTATAG-1","GSM7476453","III",0.0868764112891934,0
1198,1774,"GSM7476453_TGAGCATAGGGAGGTG-1","GSM7476453","III",0.120700293747836,0
1199,1775,"GSM7476453_TGAGCGCCACCACATA-1","GSM7476453","III",0.0661026227762504,0
1200,1777,"GSM7476453_TGAGTCAGTTGGAGAC-1","GSM7476453","III",0.0422808847887222,0
1201,1778,"GSM7476453_TGCTCCAAGAATCCCT-1","GSM7476453","III",0.0072095537585143,6.07153216591882e-17
1202,1779,"GSM7476453_TGGAGGAAGAGAACCC-1","GSM7476453","III",0.0371149260984575,0
1203,1780,"GSM7476453_TGGATGTGTACGCGTC-1","GSM7476453","III",0.0381791014245482,0
1204,1781,"GSM7476453_TTACGTTAGATTAGAC-1","GSM7476453","III",0.0130250710982183,0
1205,1786,"GSM7476453_TTCAATCCATGTTCAG-1","GSM7476453","III",-0.0129778504686966,0
1206,1787,"GSM7476453_TTCAATCTCTACGGGC-1","GSM7476453","III",-0.0009380234642288,1.09504419421036e-17
1207,1791,"GSM7476453_TTCCTTCAGTTGTCAC-1","GSM7476453","III",0.0862471910478201,0
1208,1792,"GSM7476453_TTGACCCGTCATGACT-1","GSM7476453","III",0.0089189443939587,8.67361737988404e-18
1209,1793,"GSM7476453_TTGAGTGCACCAGACC-1","GSM7476453","III",-0.0202900967615164,0
1210,1794,"GSM7476453_TTGCCTGCAACAGATA-1","GSM7476453","III",-0.0460846690075432,0
1211,1795,"GSM7476453_TTTACGTGTCAAGTTC-1","GSM7476453","III",0.0825983752194987,0
1212,1797,"GSM7476453_TTTATGCCAAAGGATT-1","GSM7476453","III",0.0244720102802331,0
1213,1798,"GSM7476453_TTTCACAGTGGTCAAG-1","GSM7476453","III",0.089994321660351,0
1214,1721,"GSM7476453_GTCTAGAGTGATATAG-1","GSM7476453","III",0.0893885659537216,0
1215,253,"GSM7476442_AGGCCGTTCAAGGTAA-1","GSM7476442","I",-0.195247687443172,0
1216,341,"GSM7476442_GTTCGGGAGGATGGAA-1","GSM7476442","I",-0.175522571143952,0
1217,671,"GSM7476446_CCAGCGAAGAATTGTG-1","GSM7476446","II",0.0543037792326538,0
1218,292,"GSM7476442_CGCGGTACAATAACGA-1","GSM7476442","I",-0.130034133531414,0
1219,593,"GSM7476445_TCATTTGTCCTCGCAT-1","GSM7476445","I",-0.03182822867002,0
1220,831,"GSM7476446_TTCTCCTCAGCTCGCA-1","GSM7476446","II",0.0184483717842972,0
1221,780,"GSM7476446_GTCAAGTTCAACGCTA-1","GSM7476446","II",0.143114552069499,0
1222,1649,"GSM7476453_CCCGGAAGTAGCCCTG-1","GSM7476453","III",0.0230043578974922,0
1223,1673,"GSM7476453_CTGTAGAAGCTCGCAC-1","GSM7476453","III",0.0319057273889643,0
1224,668,"GSM7476446_CCACCTAGTCACACGC-1","GSM7476446","II",0.115099360201077,0
1225,386,"GSM7476443_CGGACTGCAAACTGTC-1","GSM7476443","I",-0.0643524470804822,0
1226,958,"GSM7476447_GTTTCTACATCCGTGG-1","GSM7476447","II",0.0058583914560578,5.98479599211998e-17
1227,770,"GSM7476446_GGGAATGCATTATCTC-1","GSM7476446","II",-0.0037411679409687,1.99493199737333e-17
1228,1,"GSM7476438_AACCGCGCAGACAGGT-1","GSM7476438","I",-0.0769141336820108,0
1229,613,"GSM7476446_ACCCACTAGTGGTCCC-1","GSM7476446","II",-0.0389789787448217,0
1230,1172,"GSM7476449_GTCGTAATCTGGCGTG-1","GSM7476449","II",0.0584584721071319,0
1231,1772,"GSM7476453_TCTCCGACACAAGTTC-1","GSM7476453","III",0.01298797849528,0
1232,431,"GSM7476444_ACCCACTGTGCGAAAC-1","GSM7476444","I",0.0968406402093326,0
1233,467,"GSM7476444_CATGGCGTCGCGTTTC-1","GSM7476444","I",-0.0754136700961817,0
1234,1600,"GSM7476453_ACTATGGGTTCGTGCG-1","GSM7476453","III",-0.0175297053469059,0
1235,1789,"GSM7476453_TTCCAATTCCCAACTC-1","GSM7476453","III",0.0567072637745917,0
1236,910,"GSM7476447_CTACCCAGTGTAACGG-1","GSM7476447","II",-0.0104715417836533,0
1237,1218,"GSM7476450_ACCCTTGTCTCTAAGG-1","GSM7476450","III",0.0728056722913052,0
1238,1235,"GSM7476450_AGTGCCGCATGAGATA-1","GSM7476450","III",-0.018314326468435,0
1239,1745,"GSM7476453_TATTGGGCAGCACAGA-1","GSM7476453","III",-0.0413651000928441,0
1240,60,"GSM7476438_TTAACTCTCCAGTATG-1","GSM7476438","I",-0.011573847433206,0
1241,725,"GSM7476446_CTTGGCTTCTAAGCCA-1","GSM7476446","II",0.0801824245752041,0
1242,334,"GSM7476442_GTCCTCACAAGCCGTC-1","GSM7476442","I",-0.148656929027899,0
1243,615,"GSM7476446_ACGATACCACTAAGTC-1","GSM7476446","II",0.057808676945483,0
1244,438,"GSM7476444_ACGGGTCTCCTACAGA-1","GSM7476444","I",-0.0617192487914473,0
1245,187,"GSM7476441_AGAGCGACAACCGCCA-1","GSM7476441","I",-0.0501213362992284,0
1246,1062,"GSM7476448_GGCGACTTCCAGAGGA-1","GSM7476448","II",0.001615191125644,3.0140820395097e-17
1247,4,"GSM7476438_ACAGCCGAGAGTACAT-1","GSM7476438","I",-0.0508126053984434,0
1248,512,"GSM7476444_GGCTGGTCAAGCGTAG-1","GSM7476444","I",-0.0088390912031235,0
1249,520,"GSM7476444_GTAACTGCAGCATACT-1","GSM7476444","I",-0.081664904005794,0
1250,1410,"GSM7476450_TTACTGTGTGTATTCG-1","GSM7476450","III",0.0492971915132534,0
1251,1799,"GSM7476453_TTTCGATGTCGCACAC-1","GSM7476453","III",0.0625423550051423,0
1252,1669,"GSM7476453_CTGCATCGTCAACGCC-1","GSM7476453","III",0.0154114458706403,0
1253,342,"GSM7476442_GTTCGGGTCCGCTGTT-1","GSM7476442","I",-0.0608143857527865,0
1254,198,"GSM7476441_CACTCCATCAAGGCTT-1","GSM7476441","I",-0.0301803487150191,0
1255,1115,"GSM7476449_ATTACTCAGGAATCGC-1","GSM7476449","II",0.0020280496460594,2.99239799605999e-17
1256,628,"GSM7476446_AGAGCTTCAGGGCATA-1","GSM7476446","II",0.0621115024624239,0
1257,1616,"GSM7476453_ATCCGTCAGGTCGCCT-1","GSM7476453","III",-0.0126514363662905,0
1258,1677,"GSM7476453_CTTGAGACAAATGAAC-1","GSM7476453","III",-0.0309236393000902,0
1259,1682,"GSM7476453_GAGAGGTGTCAGATTC-1","GSM7476453","III",-0.0085162461763451,6.93889390390723e-17
1260,535,"GSM7476444_TACAGTGTCTCTGAGA-1","GSM7476444","I",-0.080329971667587,0
1261,1690,"GSM7476453_GATAGAATCTGCCTGT-1","GSM7476453","III",-0.0512222453647666,0
1262,1749,"GSM7476453_TCACTATTCTCCCATG-1","GSM7476453","III",-0.0120445482552075,0
1263,1675,"GSM7476453_CTTCAATGTTCTCAGA-1","GSM7476453","III",-0.0207815098259623,0
1264,1489,"GSM7476451_CTTGAGACAATCTGCA-1","GSM7476451","III",-0.0333793058003866,0
1265,435,"GSM7476444_ACGATACTCTATCCCG-1","GSM7476444","I",-0.0557408829085233,0
1266,485,"GSM7476444_CTCAGAATCTAGAGTC-1","GSM7476444","I",-0.0602843217977434,0
1267,1379,"GSM7476450_TCATGAGCAACACTAC-1","GSM7476450","III",-0.0048165038919581,1.99493199737333e-17
1268,67,"GSM7476438_TTCTTAGAGGGAAACA-1","GSM7476438","I",-0.123150805700405,0
1269,1741,"GSM7476453_TACTTCAAGTGGGAAA-1","GSM7476453","III",-0.0052609308894172,7.97972798949331e-17
1270,800,"GSM7476446_TCACGAAAGAATTGTG-1","GSM7476446","II",0.0717497777544036,0
1271,1546,"GSM7476451_TCGGGACCAATGAGCG-1","GSM7476451","III",-0.0355271642649926,0
1272,744,"GSM7476446_GATCGTAGTCCAAGTT-1","GSM7476446","II",0.0239662752481637,0
1273,1563,"GSM7476451_TTAGTCTCATCAGCTA-1","GSM7476451","III",-0.07753195301616,0
1274,522,"GSM7476444_GTCACAATCAGGCGAA-1","GSM7476444","I",-0.0868939065241896,0
1275,779,"GSM7476446_GTCAAGTAGAAAGTGG-1","GSM7476446","II",0.0744066277748437,0
1276,711,"GSM7476446_CTAGTGAAGACGCAAC-1","GSM7476446","II",0.0362676289007925,0
1277,1229,"GSM7476450_AGGATAAGTTTCACAG-1","GSM7476450","III",0.0747490513041576,0
1278,1760,"GSM7476453_TCCATGCGTTAGCTAC-1","GSM7476453","III",0.007965309303886,6.07153216591882e-17
1279,318,"GSM7476442_GCATGCGCATGTCCTC-1","GSM7476442","I",-0.202170991949785,0
1280,1585,"GSM7476453_AACCAACCAGAAGTGC-1","GSM7476453","III",-0.0105808776532888,0
1281,398,"GSM7476443_GCACATAGTGATGATA-1","GSM7476443","I",-0.0395583776923825,0
1282,250,"GSM7476442_AGAGCTTCACACAGAG-1","GSM7476442","I",-0.103718234508795,0
1283,874,"GSM7476447_ATCACGAGTGGCTCCA-1","GSM7476447","II",0.0194402830970089,0
1284,55,"GSM7476438_TCGTACCAGGACCACA-1","GSM7476438","I",-0.0210988886868259,0
1285,541,"GSM7476444_TCAGGTAAGGTGCAAC-1","GSM7476444","I",-0.0953537864912905,0
1286,710,"GSM7476446_CTACATTAGTTAGGTA-1","GSM7476446","II",0.0203057061415679,0
1287,489,"GSM7476444_CTCGTCATCCTCAATT-1","GSM7476444","I",-0.0396060347987118,0
1288,834,"GSM7476446_TTTATGCGTTTAGGAA-1","GSM7476446","II",0.0659999444536409,0
1289,20,"GSM7476438_CTGATAGGTTGGTTTG-1","GSM7476438","I",-0.0590101676157482,0
1290,471,"GSM7476444_CCGGTAGAGCTGCCCA-1","GSM7476444","I",-0.0516785978504967,0
1291,644,"GSM7476446_ATTATCCCAGGTGCCT-1","GSM7476446","II",0.0051844172940797,7.02563007770607e-17
1292,1710,"GSM7476453_GGCGTCAAGGAGCAAA-1","GSM7476453","III",0.0138570426546782,0
1293,1063,"GSM7476448_GGCTCGATCTGCTGTC-1","GSM7476448","II",0.0873404529871109,0
1294,1589,"GSM7476453_AAGACTCAGCTGTTAC-1","GSM7476453","III",0.030840980506891,0
1295,1608,"GSM7476453_AGCCACGTCGGCAGTC-1","GSM7476453","III",-0.0009111840677392,3.00324001778485e-17
1296,242,"GSM7476442_ACACCCTAGCGATCCC-1","GSM7476442","I",-0.132813633607627,0
1297,1104,"GSM7476449_AGAGTGGCACTTGGAT-1","GSM7476449","II",-0.0196231340548415,0
1298,472,"GSM7476444_CCTCAGTTCGTTTAGG-1","GSM7476444","I",0.017165596329137,0
1299,433,"GSM7476444_ACGAGCCAGCCACGTC-1","GSM7476444","I",-0.0462277997912924,0
1300,1145,"GSM7476449_CTCGTACAGCGTGAAC-1","GSM7476449","II",-0.0381236981474763,0
1301,1592,"GSM7476453_AATGACCGTCCCTGAG-1","GSM7476453","III",-0.0286557792909623,0
1302,1277,"GSM7476450_CCCTCAATCGATTTCT-1","GSM7476450","III",0.0447955478069844,0
1303,81,"GSM7476439_CATATGGGTGGCTCCA-1","GSM7476439","I",-0.0506962717774272,0
1304,1238,"GSM7476450_ATAGACCTCTTTGCTA-1","GSM7476450","III",0.0055815384241047,3.98986399474666e-17
1305,11,"GSM7476438_CAGGTGCTCATCACCC-1","GSM7476438","I",-0.0609141870324002,0
1306,769,"GSM7476446_GGCGTGTTCCGTCAAA-1","GSM7476446","II",0.0620812004406994,0
1307,818,"GSM7476446_TGGCTGGCAGACGCAA-1","GSM7476446","II",0.156750573179386,0
1308,1259,"GSM7476450_CACGAATCAAGTCATC-1","GSM7476450","III",0.0555152378548681,0
1309,1462,"GSM7476451_CATGCGGCACAGTACT-1","GSM7476451","III",-0.0040312891949442,0
1310,552,"GSM7476444_TGCCCATTCGTTTAGG-1","GSM7476444","I",-0.0328777603431019,0
1311,549,"GSM7476444_TGAGCATAGCCTATGT-1","GSM7476444","I",-0.0368316095938251,0
1312,1257,"GSM7476450_CACCAAAGTAACCCGC-1","GSM7476450","III",0.0456831027732041,0
1313,1403,"GSM7476450_TGGGAGAAGACTGAGC-1","GSM7476450","III",0.0102338137478995,0
1314,939,"GSM7476447_GCGCAACGTGTCTGAT-1","GSM7476447","II",-4.52080271104577e-05,0
1315,1766,"GSM7476453_TCGGGCAGTAAGTTAG-1","GSM7476453","III",0.0271812727403877,0
1316,455,"GSM7476444_ATTTCTGTCCCTTGCA-1","GSM7476444","I",-0.0429944001400213,0
1317,1566,"GSM7476451_TTGAGTGTCTAGATCG-1","GSM7476451","III",-0.0642242376215817,0
1318,1112,"GSM7476449_ATCGAGTAGATCTGAA-1","GSM7476449","II",0.0466812608931446,0
1319,1407,"GSM7476450_TGTGAGTAGTGCAACG-1","GSM7476450","III",0.0206862998255538,0
1320,349,"GSM7476442_TCACAAGAGGTGTGGT-1","GSM7476442","I",-0.0880925032986849,0
1321,311,"GSM7476442_GAGTCCGCAAGCCTAT-1","GSM7476442","I",-0.053575092627721,0
1322,1764,"GSM7476453_TCCTCCCGTTTGTGGT-1","GSM7476453","III",0.0944158972761642,0
1323,595,"GSM7476445_TGAGAGGAGGAATGGA-1","GSM7476445","I",-0.0908574121013364,0
1324,808,"GSM7476446_TCTGAGATCGCAGGCT-1","GSM7476446","II",-0.0601135400315356,0
1325,1574,"GSM7476452_AGGGTGATCCTAGCGG-1","GSM7476452","III",0.139492019105799,0
1326,1753,"GSM7476453_TCAGTGATCTCGGCTT-1","GSM7476453","III",-0.0190073146735931,0
1327,1723,"GSM7476453_GTGCAGCCACCAGCTG-1","GSM7476453","III",0.0056680271762171,9.0205620750794e-17
1328,1770,"GSM7476453_TCTACATGTACACGCC-1","GSM7476453","III",0.129895967218232,0
1329,76,"GSM7476439_ATGAGGGGTTATGCGT-1","GSM7476439","I",-0.0466234549076765,0
1330,1743,"GSM7476453_TAGAGTCTCATGCAGT-1","GSM7476453","III",0.200295559096629,0
1331,1166,"GSM7476449_GGGAGATCAGTAAGAT-1","GSM7476449","II",0.0194220318120738,0
1332,1598,"GSM7476453_ACGCACGTCGCCGTGA-1","GSM7476453","III",0.027072572373751,0
1333,1156,"GSM7476449_GCCTCTACAGATGGGT-1","GSM7476449","II",0.0017429348665726,2.01661604082304e-17
1334,983,"GSM7476447_TGTGGTATCACCCTCA-1","GSM7476447","II",-0.0001908290151843,1.2007539060277e-17
1335,1681,"GSM7476453_GACCCAGAGCCAAGGT-1","GSM7476453","III",0.0167018945020705,0
1336,232,"GSM7476441_TTCTTAGTCCTTAATC-1","GSM7476441","I",-0.0036549149679405,7.02563007770607e-17
1337,598,"GSM7476445_TGCGGGTCACAACGCC-1","GSM7476445","I",-0.0897972011327954,0
1338,1715,"GSM7476453_GTAACACAGCACGGAT-1","GSM7476453","III",0.0010580376930005,3.98986399474666e-17
1339,756,"GSM7476446_GCCTCTAGTCTCCACT-1","GSM7476446","II",-0.0023526205819465,2.03830008427275e-17
1340,648,"GSM7476446_ATTGGACGTTAAGACA-1","GSM7476446","II",0.0287260190023398,0
1341,37,"GSM7476438_GCGGGTTCACGGTTTA-1","GSM7476438","I",-0.0445490122204788,0
1342,249,"GSM7476442_ACTGTCCGTATATCCG-1","GSM7476442","I",-0.164920256524069,0
1343,796,"GSM7476446_TAGTTGGAGACTAGGC-1","GSM7476446","II",0.0319332635045099,0
1344,1368,"GSM7476450_TACATTCTCAAAGAAC-1","GSM7476450","III",0.0502964458263496,0
1345,1716,"GSM7476453_GTAAGTCGTGTCTAAC-1","GSM7476453","III",-0.0271730966001929,0
1346,897,"GSM7476447_CCGTACTAGACCCACC-1","GSM7476447","II",0.0214835388525981,0
1347,1479,"GSM7476451_CTCAGGGAGGAAGTCC-1","GSM7476451","III",0.0581860876158536,0
1348,1712,"GSM7476453_GGGCTACCAACCACAT-1","GSM7476453","III",-0.0046068508889761,0
1349,566,"GSM7476445_ACTGCTCGTCGCGGTT-1","GSM7476445","I",-0.0820057232444166,0
1350,1521,"GSM7476451_TACATTCTCCAACCAA-1","GSM7476451","III",-0.0402013227442187,0
1351,1572,"GSM7476452_AACCCAACAACGATTC-1","GSM7476452","III",-0.0128867797219799,0
1352,29,"GSM7476438_GAAGCAGTCAAGATCC-1","GSM7476438","I",-0.0162273828178496,0
1353,1605,"GSM7476453_AGATCGTCAGTGTGGA-1","GSM7476453","III",-0.0436884353639978,0
1354,1560,"GSM7476451_TGTTACTCACAAACGG-1","GSM7476451","III",-0.0588435404566328,0
1355,1211,"GSM7476450_AATTTCCTCTCGACGG-1","GSM7476450","III",0.150838481410183,0
1356,1342,"GSM7476450_GGTCTGGGTAGCGTTT-1","GSM7476450","III",-0.0092430560859699,7.97972798949331e-17
1357,1651,"GSM7476453_CCCTTAGCAGCTGGTC-1","GSM7476453","III",0.0315350685016131,0
1358,121,"GSM7476440_CCTACCAGTCCGTCAG-1","GSM7476440","I",-0.0871216080672234,0
1359,1692,"GSM7476453_GATCACACAGAATCGG-1","GSM7476453","III",0.0160837213722031,0
1360,1676,"GSM7476453_CTTCCTTCAGACAAAT-1","GSM7476453","III",0.0333788622235254,0
1361,1557,"GSM7476451_TGTCCACGTATCCTTT-1","GSM7476451","III",-0.066409512540107,0
1362,723,"GSM7476446_CTTCTCTCAATCCAAC-1","GSM7476446","II",0.087766372882806,0
1363,1694,"GSM7476453_GATGACTCAAGAGCTG-1","GSM7476453","III",-0.0120412042354909,0
1364,1607,"GSM7476453_AGATCGTTCGAACACT-1","GSM7476453","III",-0.0189193573799312,0
1365,1630,"GSM7476453_CACGTGGCACGGCCAT-1","GSM7476453","III",-0.0454730793926153,0
1366,1643,"GSM7476453_CCACCATAGACCTTTG-1","GSM7476453","III",-0.0094905773249208,0
1367,1531,"GSM7476451_TCAGCCTGTACTCAAC-1","GSM7476451","III",0.0271582444233954,0
1368,605,"GSM7476446_AAAGCAACATCACAAC-1","GSM7476446","II",0.0082569781620493,1.04083408558608e-17
1369,224,"GSM7476441_TACCTATTCGAACGGA-1","GSM7476441","I",0.0085596717090858,6.07153216591882e-17
1370,1170,"GSM7476449_GTACGTATCGCCCTTA-1","GSM7476449","II",-0.0474323608894911,0
1371,579,"GSM7476445_CTACCCACACAACGTT-1","GSM7476445","I",0.0301345956515879,0
1372,1755,"GSM7476453_TCATATCCATAATCGC-1","GSM7476453","III",-0.0059775092116733,1.99493199737333e-17
1373,44,"GSM7476438_GTCACGGAGGTGCTAG-1","GSM7476438","I",-0.04927533871199,0
1374,700,"GSM7476446_CGGACACCAAACGCGA-1","GSM7476446","II",0.0154675449464505,0
1375,562,"GSM7476444_TTTATGCTCCTCAATT-1","GSM7476444","I",0.006344685279791,1.99493199737333e-17
1376,620,"GSM7476446_ACTGTCCCAATCACAC-1","GSM7476446","II",0.112798075073523,0
1377,125,"GSM7476440_CGACTTCTCAGAGGTG-1","GSM7476440","I",0.0057473580016655,8.93382590128056e-17
1378,1782,"GSM7476453_TTACTGTAGCACAAAT-1","GSM7476453","III",0.0346705068774495,0
1379,362,"GSM7476442_TGTCCCAAGCGTTCCG-1","GSM7476442","I",-0.118842425001875,0
1380,1041,"GSM7476448_CTAACTTGTCTCCATC-1","GSM7476448","II",0.0558016985332757,0
1381,672,"GSM7476446_CCAGCGATCACAGTAC-1","GSM7476446","II",0.0916491844886418,0
1382,607,"GSM7476446_AACGTTGGTGCCTTGG-1","GSM7476446","II",0.0657231169239486,0
1383,1657,"GSM7476453_CCTTTGGGTTGGGTTT-1","GSM7476453","III",0.0308652258709184,0
1384,278,"GSM7476442_CCATGTCAGTAATCCC-1","GSM7476442","I",-0.0844674674364185,0
1385,716,"GSM7476446_CTCTGGTAGAAACCTA-1","GSM7476446","II",0.0852721683932521,0
1386,1260,"GSM7476450_CAGCAGCTCCCATTCG-1","GSM7476450","III",0.0988156741802567,0
1387,1594,"GSM7476453_ACAGGGAAGTACGAGC-1","GSM7476453","III",-0.0139815867358285,0
1388,610,"GSM7476446_AATCGGTAGTACCGGA-1","GSM7476446","II",0.0716338513033521,0
1389,1404,"GSM7476450_TGGTACATCTCAATCT-1","GSM7476450","III",0.0505413120280164,0
1390,1547,"GSM7476451_TCTGCCACAAGTATAG-1","GSM7476451","III",-0.0346207675702075,0
1391,778,"GSM7476446_GTATTCTGTGAGGCTA-1","GSM7476446","II",-0.0163290175174927,0
1392,1518,"GSM7476451_GTGGTTAAGGGCAGGA-1","GSM7476451","III",0.0429592608997396,0
1393,1788,"GSM7476453_TTCACCGGTCTCACGG-1","GSM7476453","III",0.0086337892351758,0
1394,195,"GSM7476441_ATTATCCCACTAGTAC-1","GSM7476441","I",-0.0214725628645967,0
1395,233,"GSM7476441_TTGGAACTCCTGCAGG-1","GSM7476441","I",-0.0047178051849084,9.0205620750794e-17
1396,447,"GSM7476444_AGTGTCAGTTGAGGTG-1","GSM7476444","I",-0.0144574178937682,0
1397,100,"GSM7476440_AACTCAGCAATGGTCT-1","GSM7476440","I",-0.018146403053762,0
1398,1709,"GSM7476453_GGCACGTTCCGCTAGG-1","GSM7476453","III",-0.006421395360434,9.54097911787244e-18
1399,1272,"GSM7476450_CCAAGCGTCACCGACG-1","GSM7476450","III",0.036331961824114,0
1400,1324,"GSM7476450_GATCAGTGTTGCCGAC-1","GSM7476450","III",0.034552083500209,0
1401,1280,"GSM7476450_CCTCACATCCGTCACT-1","GSM7476450","III",0.0897040194866392,0
1402,783,"GSM7476446_GTCTTCGCAGCTGCAC-1","GSM7476446","II",0.0538507495722145,0
1403,1665,"GSM7476453_CTCATGCGTTCTCTCG-1","GSM7476453","III",0.0002794118211474,4.49943901581484e-17
1404,1734,"GSM7476453_TAAGCACGTCCGATCG-1","GSM7476453","III",-0.0283291535087948,0
1405,147,"GSM7476440_GCGGGTTAGTGCGATG-1","GSM7476440","I",-0.0338250835586398,0
1406,1499,"GSM7476451_GATAGAATCAGAGTTC-1","GSM7476451","III",-0.0047638113215359,3.98986399474666e-17
1407,1131,"GSM7476449_CCAATCCTCTTATCTG-1","GSM7476449","II",0.0578831074042694,0
1408,1685,"GSM7476453_GAGATGGTCGATGCAT-1","GSM7476453","III",0.0132441274054046,0
1409,745,"GSM7476446_GATCTAGCACGGTGTC-1","GSM7476446","II",0.0499005113106132,0
1410,551,"GSM7476444_TGCCCATCACTGAAGG-1","GSM7476444","I",-0.0402348692265254,0
1411,1776,"GSM7476453_TGAGTCAGTGCTCGTG-1","GSM7476453","III",-0.0099152020233917,7.97972798949331e-17
1412,442,"GSM7476444_AGAGTGGGTTACGACT-1","GSM7476444","I",-0.0601861929430263,0
1413,1185,"GSM7476449_TCTCTAAAGTGTGGCA-1","GSM7476449","II",-0.0487990052024591,0
1414,1147,"GSM7476449_CTGGTCTAGTGCAAGC-1","GSM7476449","II",-0.011267479573882,0
1415,12,"GSM7476438_CATCGAACAGCGAACA-1","GSM7476438","I",-0.0243243007339705,0
1416,1534,"GSM7476451_TCAGTTTTCTCTTAAC-1","GSM7476451","III",-0.014948278184498,0
1417,1383,"GSM7476450_TCCACCATCTATTTCG-1","GSM7476450","III",-0.0152313449928181,0
1418,448,"GSM7476444_ATAACGCAGCCCGAAA-1","GSM7476444","I",-0.0201799908403211,0
1419,1603,"GSM7476453_AGACCCGAGTCGGCCT-1","GSM7476453","III",-0.0347316371243804,0
1420,1314,"GSM7476450_GAACACTTCCTTCGAC-1","GSM7476450","III",0.027769249644135,0
1421,359,"GSM7476442_TGAGAGGCACGTTGGC-1","GSM7476442","I",-0.209206379749939,0
1422,439,"GSM7476444_ACTGTCCAGCTGTTCA-1","GSM7476444","I",0.0243155265224352,0
1423,1640,"GSM7476453_CATGGTAGTGACTCGC-1","GSM7476453","III",0.0448989703586371,0
1424,1680,"GSM7476453_GAATCACCACTACGGC-1","GSM7476453","III",-0.0023767993806508,4.98732999343332e-17
1425,167,"GSM7476440_TGGTTCCCATAAAGGT-1","GSM7476440","I",-0.0169258155116803,0
1426,1273,"GSM7476450_CCAATGACAGACACCC-1","GSM7476450","III",0.0647471947053146,0
1427,72,"GSM7476439_AGTAGTCGTCGGGTCT-1","GSM7476439","I",-0.0442937572726606,0
1428,1800,"GSM7476453_TTTGTTGTCGTGCAGC-1","GSM7476453","III",0.10813916210558,0
1429,98,"GSM7476439_TTGGCAAGTGTAACGG-1","GSM7476439","I",-0.0763792615296377,0
1430,1785,"GSM7476453_TTCAATCCACCTCGTT-1","GSM7476453","III",0.0258862518622554,0
1431,1497,"GSM7476451_GAGGCCTGTACAAACA-1","GSM7476451","III",-0.0865566921751466,0
1432,1765,"GSM7476453_TCGAAGTTCCGATAGT-1","GSM7476453","III",0.0087968723118599,7.11236625150491e-17
1433,1382,"GSM7476450_TCATTGTTCGACACCG-1","GSM7476450","III",0.0904445895297432,0
1434,1620,"GSM7476453_ATGCGATCATCCGTGG-1","GSM7476453","III",0.0726691606449428,0
1435,1638,"GSM7476453_CATGAGTTCCGTGTAA-1","GSM7476453","III",0.0169425930206463,0
1436,1539,"GSM7476451_TCCTCCCGTCCTACGG-1","GSM7476451","III",-0.0302245455858996,0
1437,1706,"GSM7476453_GGAATGGGTTAATCGC-1","GSM7476453","III",0.0522298611876497,0
1438,505,"GSM7476444_GCTCTGTCAAGGTTCT-1","GSM7476444","I",-0.04227047748379,0
1439,1370,"GSM7476450_TACCTGCTCGATACGT-1","GSM7476450","III",0.0370604774434226,0
1440,1757,"GSM7476453_TCATGTTAGATACAGT-1","GSM7476453","III",0.0050947768629385,3.98986399474666e-17
1441,1333,"GSM7476450_GCCCAGAGTTCCGGTG-1","GSM7476450","III",-0.0262390015968136,0
1442,581,"GSM7476445_CTGCCTAAGGATGGAA-1","GSM7476445","I",-0.0305061706568134,0
1443,1617,"GSM7476453_ATCGATGCAAAGCTCT-1","GSM7476453","III",0.0134617982540268,0
1444,1796,"GSM7476453_TTTAGTCTCGGCACTG-1","GSM7476453","III",-0.0214175464429019,0
1445,634,"GSM7476446_ATAACGCAGCCTCGTG-1","GSM7476446","II",0.105319221089917,0
1446,1674,"GSM7476453_CTTAGGACATGGCACC-1","GSM7476453","III",0.125760952985507,0
1447,1250,"GSM7476450_ATTCACTAGACCATAA-1","GSM7476450","III",0.0026097702699339,6.0281640790194e-17
1448,1290,"GSM7476450_CTAACTTTCATCCTGC-1","GSM7476450","III",0.0357945635986445,0
1449,1136,"GSM7476449_CGAGCACCAGCCTATA-1","GSM7476449","II",-0.0572259479261271,0
1450,1135,"GSM7476449_CCTACCAGTAGGACAC-1","GSM7476449","II",0.0213891730444813,0
1451,1213,"GSM7476450_ACAAGCTTCTCTTGCG-1","GSM7476450","III",0.0471386048872024,0
1452,771,"GSM7476446_GGGACCTAGAAGGTGA-1","GSM7476446","II",0.0499656757861262,0
1453,1183,"GSM7476449_TCCACACCAAGCGATG-1","GSM7476449","II",0.0536254034488542,0
1454,14,"GSM7476438_CCTTTCTTCTGATTCT-1","GSM7476438","I",-0.0558693895955743,0
1455,1717,"GSM7476453_GTCAAACCAGGCGATA-1","GSM7476453","III",0.0139338384519369,0
1456,45,"GSM7476438_GTCGGGTCAGGATTGG-1","GSM7476438","I",-0.0470091119441449,0
1457,1483,"GSM7476451_CTGATCCAGTACCCTA-1","GSM7476451","III",-0.0709307212096736,0
1458,787,"GSM7476446_GTGTGCGCATGGAATA-1","GSM7476446","II",0.0146407868692836,0
1459,1496,"GSM7476451_GAGGCCTCACGTGAGA-1","GSM7476451","III",-0.0064538905336245,1.99493199737333e-17
1460,1513,"GSM7476451_GTACAGTCACACCTTC-1","GSM7476451","III",-0.0416743996487858,0
1461,1253,"GSM7476450_ATTTCACGTCACCTTC-1","GSM7476450","III",-0.0019128691258529,8.99887803162969e-17
1462,189,"GSM7476441_AGCTCTCCATACAGCT-1","GSM7476441","I",0.0013600665654914,9.97465998686664e-18
1463,1635,"GSM7476453_CATCCCAAGCCATGCC-1","GSM7476453","III",0.0484198957597447,0
1464,1652,"GSM7476453_CCGATGGAGTCACTGT-1","GSM7476453","III",0.0140294563389051,0
1465,163,"GSM7476440_TCTGAGAGTAAGGATT-1","GSM7476440","I",-0.192774320607053,0
1466,1476,"GSM7476451_CTCAAGACACAGCCAC-1","GSM7476451","III",-0.0244364463669964,0
1467,1678,"GSM7476453_CTTGAGATCCGGTTCT-1","GSM7476453","III",0.082265950922444,0
1468,241,"GSM7476442_AAGTCTGGTGTCGCTG-1","GSM7476442","I",-0.133679944507244,0
1469,1165,"GSM7476449_GGGAATGGTCGACTGC-1","GSM7476449","II",0.0347674444441143,0
1470,827,"GSM7476446_TGTGGTACATATACGC-1","GSM7476446","II",-0.0117518722304203,0
1471,1363,"GSM7476450_GTTCGCTAGTTCTCTT-1","GSM7476450","III",-0.0013391477212346,8.00141203294302e-17
1472,575,"GSM7476445_CATCGAATCCAATGGT-1","GSM7476445","I",0.0071469656760298,5.98479599211998e-17
1473,1043,"GSM7476448_CTTAGGACAAGCCGCT-1","GSM7476448","II",0.0671750439355871,0
1474,294,"GSM7476442_CGGCTAGTCAGTCCCT-1","GSM7476442","I",-0.231612042792539,0
1475,1579,"GSM7476452_GAGATGGAGGATGTTA-1","GSM7476452","III",-0.0041034836596986,1.99493199737333e-17
1476,1384,"GSM7476450_TCCACGTTCACCTCAC-1","GSM7476450","III",0.0250038185961374,0
1477,286,"GSM7476442_CCTTACGAGTGTTTGC-1","GSM7476442","I",-0.0726773615119399,0
1478,1595,"GSM7476453_ACATTTCTCAGAGTTC-1","GSM7476453","III",0.0006436189257349,1.79977560632594e-17
1479,518,"GSM7476444_GTAACGTTCAACGGCC-1","GSM7476444","I",-0.0476519550418522,0
1480,1532,"GSM7476451_TCAGGTAGTATTGCCA-1","GSM7476451","III",-0.0006232713609241,8.09899022846672e-17
1481,1335,"GSM7476450_GCTACCTCAGAGAATT-1","GSM7476450","III",0.0026094109080807,0
1482,166,"GSM7476440_TGGGAAGTCCCTTGCA-1","GSM7476440","I",-0.111175632985964,0
1483,802,"GSM7476446_TCAGGATGTCACTGGC-1","GSM7476446","II",0.119464673592104,0
1484,553,"GSM7476444_TGGCGCAAGCTAAGAT-1","GSM7476444","I",-0.0570208737417157,0
1485,1636,"GSM7476453_CATCGTCTCGCCTCTA-1","GSM7476453","III",-0.022127393566546,0
1486,589,"GSM7476445_TACGGGCAGTTGCAGG-1","GSM7476445","I",-0.0072627712141778,3.03576608295941e-17
1487,578,"GSM7476445_CGCCAAGAGAGGTACC-1","GSM7476445","I",-0.0482232414291529,0
1488,1604,"GSM7476453_AGAGAGCAGGACAGTC-1","GSM7476453","III",0.0332400945683221,0
1489,1671,"GSM7476453_CTGGCAGTCGTGGACC-1","GSM7476453","III",0.0321624864187159,0
1490,193,"GSM7476441_ATCTACTCATGGGAAC-1","GSM7476441","I",0.0280836920015549,0
1491,1209,"GSM7476450_AATGACCAGCGTCTCG-1","GSM7476450","III",0.0253595163708259,0
1492,1321,"GSM7476450_GAGGGATAGCACTCCG-1","GSM7476450","III",0.142099512375077,0
1493,258,"GSM7476442_ATCTGCCTCGTCTGCT-1","GSM7476442","I",-0.190631256006842,0
1494,1659,"GSM7476453_CGCAGGTGTGTGACCC-1","GSM7476453","III",0.0646545882516822,0
1495,508,"GSM7476444_GGATGTTGTTGAGGTG-1","GSM7476444","I",0.0012206326580854,7.00394603425636e-17
1496,1331,"GSM7476450_GCCAGCAGTGCAATGG-1","GSM7476450","III",0.0658521279653663,0
1497,1024,"GSM7476448_CATATTCTCCCATTAT-1","GSM7476448","II",-0.0164040614176274,0
1498,502,"GSM7476444_GCCTCTATCAACGGGA-1","GSM7476444","I",-0.0968913479896223,0
1499,144,"GSM7476440_GATCGCGTCGCGATCG-1","GSM7476440","I",-0.0533252921819612,0
1500,693,"GSM7476446_CGATCGGGTCGATTGT-1","GSM7476446","II",0.0097203268048285,7.97972798949331e-17
1501,1647,"GSM7476453_CCCATTGAGTTAACAG-1","GSM7476453","III",0.002252728228408,0
1502,1646,"GSM7476453_CCCATTGAGTAGAATC-1","GSM7476453","III",-0.0233015539798152,0
1503,1089,"GSM7476448_TTCGGTCGTGTGGTTT-1","GSM7476448","II",-0.0350818590470203,0
1504,755,"GSM7476446_GCCTCTAAGCCACGTC-1","GSM7476446","II",0.0263086014469483,0
1505,479,"GSM7476444_CGTCCATGTTCCATGA-1","GSM7476444","I",-0.0826124322523074,0
1506,732,"GSM7476446_GACCAATAGTCAAGCG-1","GSM7476446","II",0.0260233770475297,0
1507,1588,"GSM7476453_AACGAAAAGCTGACTT-1","GSM7476453","III",-0.0322777751612793,0
1508,15,"GSM7476438_CGCGGTAAGAGTTGGC-1","GSM7476438","I",-0.0817511666733728,0
1509,1784,"GSM7476453_TTCAATCAGTTCACTG-1","GSM7476453","III",0.0576528361988386,0
1510,46,"GSM7476438_GTCTCGTCAGTTCCCT-1","GSM7476438","I",-0.070587723489332,0
1511,1719,"GSM7476453_GTCATTTCAGTCAACT-1","GSM7476453","III",0.0083773877708699,9.0205620750794e-17
1512,1771,"GSM7476453_TCTCAGCGTCTGTGTA-1","GSM7476453","III",0.0189658398062776,0
1513,356,"GSM7476442_TGAAAGATCCCGGATG-1","GSM7476442","I",-0.0700089026821732,0
1514,1773,"GSM7476453_TGACTCCGTCGTGTTA-1","GSM7476453","III",0.0474125021391688,0
1515,1729,"GSM7476453_GTGTGGCCACACGCCA-1","GSM7476453","III",-0.0235168271350652,0
1516,27,"GSM7476438_GAAATGATCGTACGGC-1","GSM7476438","I",-0.0399489802067687,0
1517,1349,"GSM7476450_GTAGGTTGTACTAACC-1","GSM7476450","III",0.049993010793849,0
1518,1154,"GSM7476449_GATGAAAGTAGGACAC-1","GSM7476449","II",-0.0192795141502033,0
1519,305,"GSM7476442_CTGTGCTAGTTCGATC-1","GSM7476442","I",-0.140860839406538,0
1520,111,"GSM7476440_ATAACGCTCCCGGATG-1","GSM7476440","I",-0.139700096667108,0
1521,1759,"GSM7476453_TCATTACCACAGCATT-1","GSM7476453","III",0.0164182344832112,0
1522,1783,"GSM7476453_TTACTGTGTCTACATG-1","GSM7476453","III",0.0148009849684036,0
1523,692,"GSM7476446_CGAGCCACATCCGGGT-1","GSM7476446","II",-0.0159583784665221,0
1524,1325,"GSM7476450_GATCGTAGTAACGTTC-1","GSM7476450","III",0.0246099089642981,0
1525,6,"GSM7476438_AGGTCATTCGAGGTAG-1","GSM7476438","I",-0.0463818285642021,0
1526,492,"GSM7476444_CTGTGCTAGCGATAGC-1","GSM7476444","I",-0.0864362755519587,0
1527,1756,"GSM7476453_TCATCATGTCTTCAAG-1","GSM7476453","III",-0.0223802442261341,0
1528,238,"GSM7476442_AACACGTTCGTAGGAG-1","GSM7476442","I",-0.143478686889766,0
1529,1356,"GSM7476450_GTCTTTAGTCTAGTGT-1","GSM7476450","III",0.0140546448857764,0
1530,1790,"GSM7476453_TTCCACGAGTGGTTGG-1","GSM7476453","III",-0.0183801617565738,0
1531,784,"GSM7476446_GTGCAGCAGAGAACAG-1","GSM7476446","II",0.0893749017844844,0
1532,1291,"GSM7476450_CTAAGTGAGTACTGGG-1","GSM7476450","III",0.0534804899854235,0
1533,1397,"GSM7476450_TCTGCCAAGGATTCCT-1","GSM7476450","III",0.0566780632510999,0
1534,476,"GSM7476444_CGATTGAGTCCGACGT-1","GSM7476444","I",0.164969922825363,0
1535,138,"GSM7476440_CTTTGCGTCACTTACT-1","GSM7476440","I",-0.0727035484091984,0
1536,332,"GSM7476442_GTATCTTAGAAACCGC-1","GSM7476442","I",-0.0078603838878555,6.07153216591882e-17
1537,468,"GSM7476444_CATTCGCCACCATCCT-1","GSM7476444","I",-0.041559025021089,0
1538,1726,"GSM7476453_GTGCTGGTCGATACTG-1","GSM7476453","III",0.0546912116988545,0
1539,603,"GSM7476446_AAAGATGTCCAAATGC-1","GSM7476446","II",0.023055229835412,0
1540,375,"GSM7476443_CATATGGGTCGCGAAA-1","GSM7476443","I",0.0045823880172363,5.03069808033274e-17
1541,684,"GSM7476446_CCTAGCTAGTGCGATG-1","GSM7476446","II",-0.018590765956243,0
1542,1629,"GSM7476453_CACGGGTCATTGACAC-1","GSM7476453","III",0.0317770551842536,0
1543,785,"GSM7476446_GTGCATACACCGATAT-1","GSM7476446","II",-0.0170485730609488,0
1544,1330,"GSM7476450_GCCAACGAGTTTCTTC-1","GSM7476450","III",-0.0011521298506682,3.0140820395097e-17
1545,1413,"GSM7476450_TTCCAATCATTGCTTT-1","GSM7476450","III",-0.0013849588288004,8.00141203294302e-17
1546,363,"GSM7476442_TTAGTTCCAAAGGCGT-1","GSM7476442","I",-0.153736057494022,0
1547,811,"GSM7476446_TGACTAGTCAAGGCTT-1","GSM7476446","II",-0.0002084549653113,9.40003283544932e-17
1548,1416,"GSM7476450_TTCTCTCTCTTACCGC-1","GSM7476450","III",0.0163271928556568,0
1549,1623,"GSM7476453_ATTCCATCAAGATGTA-1","GSM7476453","III",0.0278039489822651,0
1550,1301,"GSM7476450_CTCCTCCCATCCGGCA-1","GSM7476450","III",0.146891709439699,0
1551,839,"GSM7476447_AACGTTGCAATTCCTT-1","GSM7476447","II",-0.0247938294831717,0
1552,261,"GSM7476442_ATTGGTGCAAAGCAAT-1","GSM7476442","I",-0.0431643058671263,0
1553,422,"GSM7476444_AACTCTTAGGCTAGGT-1","GSM7476444","I",-0.0512586425778186,0
1554,1319,"GSM7476450_GACTCTCTCACTGGGC-1","GSM7476450","III",0.090526336230969,0
1555,230,"GSM7476441_TGATTTCAGAGGTTAT-1","GSM7476441","I",-0.0701467668290553,0
1556,1541,"GSM7476451_TCGAAGTCACGGCCAT-1","GSM7476451","III",-0.0202951055826629,0
1557,351,"GSM7476442_TCAGGATTCACTGGGC-1","GSM7476442","I",-0.147266633639885,0
1558,511,"GSM7476444_GGCCGATAGTGCGATG-1","GSM7476444","I",0.014089199106525,0
1559,627,"GSM7476446_AGAGCTTCACATCCGG-1","GSM7476446","II",0.0398701010331838,0
1560,1068,"GSM7476448_GTAGGCCGTCACCTAA-1","GSM7476448","II",-0.0420524712199587,0
1561,1163,"GSM7476449_GGACAGATCTACTATC-1","GSM7476449","II",0.0025902594818749,3.98986399474666e-17
1562,1564,"GSM7476451_TTCCTTCGTCTGTGGC-1","GSM7476451","III",0.0102596465293216,0
1563,1762,"GSM7476453_TCCGGGAGTACACTCA-1","GSM7476453","III",0.0540521975653209,0
1564,602,"GSM7476446_AAAGATGGTCCATGAT-1","GSM7476446","II",0.105198922464799,0
1565,669,"GSM7476446_CCACGGAAGCTTCGCG-1","GSM7476446","II",0.0777690190858683,0
1566,665,"GSM7476446_CATTATCTCATGTCCC-1","GSM7476446","II",0.112492320508949,0
1567,1175,"GSM7476449_TAAGAGACAAGCGATG-1","GSM7476449","II",0.0439692701403592,0
1568,1738,"GSM7476453_TACCGAAGTAGCGTAG-1","GSM7476453","III",0.0283061065993877,0
1569,316,"GSM7476442_GCACTCTCAGGCTGAA-1","GSM7476442","I",-0.140393179975068,0
1570,833,"GSM7476446_TTTATGCAGTACGACG-1","GSM7476446","II",0.149169782397857,0
1571,747,"GSM7476446_GATTCAGGTTGGTGGA-1","GSM7476446","II",0.150022397618579,0
1572,712,"GSM7476446_CTAGTGAGTTACTGAC-1","GSM7476446","II",0.0198303033045934,0
1573,192,"GSM7476441_ATCATGGTCCACTCCA-1","GSM7476441","I",0.0016418184171564,3.98986399474666e-17
1574,760,"GSM7476446_GCTTGAACATGACATC-1","GSM7476446","II",0.0770540558218011,0
1575,801,"GSM7476446_TCAGATGAGGGAGTAA-1","GSM7476446","II",0.0192185197919712,0
1576,1015,"GSM7476448_ATGTGTGAGTGGAGTC-1","GSM7476448","II",-0.0172647336371385,0
1577,1562,"GSM7476451_TTACGCCGTGAGGCAT-1","GSM7476451","III",-0.0286276243775166,0
1578,225,"GSM7476441_TACTCATAGTAATCCC-1","GSM7476441","I",0.0042817017424797,5.03069808033274e-17
1579,336,"GSM7476442_GTCTCGTCAGGAATCG-1","GSM7476442","I",-0.0683843585716721,0
1580,656,"GSM7476446_CAGGTGCGTAGCGTGA-1","GSM7476446","II",0.0898232869667306,0
1581,1385,"GSM7476450_TCCATCGCACGGCTAC-1","GSM7476450","III",0.0016498139176862,1.99493199737333e-17
1582,654,"GSM7476446_CAGCGACAGGCATTGG-1","GSM7476446","II",0.0402548188327366,0
1583,456,"GSM7476444_CAACCTCGTACCGTAT-1","GSM7476444","I",-0.0197680892341248,0
1584,1133,"GSM7476449_CCGTTCAAGTTCGCAT-1","GSM7476449","II",-0.023621474106374,0
1585,792,"GSM7476446_TACTCGCCACAGGAGT-1","GSM7476446","II",0.0128842978159298,0
1586,112,"GSM7476440_ATCCGAACACGGCGTT-1","GSM7476440","I",-0.0556564145255488,0
1587,584,"GSM7476445_GCATGCGTCCAGTAGT-1","GSM7476445","I",-0.112053090300898,0
1588,1731,"GSM7476453_GTGTTAGTCCATAAGC-1","GSM7476453","III",-0.0008912416695791,1.19262238973405e-17
1589,936,"GSM7476447_GCATGCGCAGGGAGAG-1","GSM7476447","II",0.032071583592363,0
1590,674,"GSM7476446_CCATGTCTCCGAGCCA-1","GSM7476446","II",-0.0193222261784072,0
1591,165,"GSM7476440_TGCTGCTTCCTTCAAT-1","GSM7476440","I",-0.0297038012739783,0
1592,200,"GSM7476441_CAGCTGGTCAGGCCCA-1","GSM7476441","I",-0.0083464970361906,5.89805981832114e-17
1593,547,"GSM7476444_TCTTCGGAGTTCGCAT-1","GSM7476444","I",0.0097248191420521,1.90819582357449e-17
1594,1012,"GSM7476448_ATAGACCTCAACACGT-1","GSM7476448","II",0.0094830616089409,3.98986399474666e-17
1595,208,"GSM7476441_CGGACGTTCTGCGACG-1","GSM7476441","I",-0.004038558732412,2.94902990916057e-17
1596,657,"GSM7476446_CAGTAACAGCACGCCT-1","GSM7476446","II",0.146474980243044,0
1597,213,"GSM7476441_CTCGAGGCAGGTCCAC-1","GSM7476441","I",0.0025550944963678,5.98479599211998e-17
1598,1724,"GSM7476453_GTGCGTGAGATACATG-1","GSM7476453","III",0.0070835631104371,9.0205620750794e-17
1599,1387,"GSM7476450_TCCCAGTTCACCCTCA-1","GSM7476450","III",-0.0025134930852745,0
1600,169,"GSM7476440_TTAACTCTCCGCATAA-1","GSM7476440","I",-0.0811342473473022,0
1601,1293,"GSM7476450_CTACCCACACCCTAAA-1","GSM7476450","III",0.0038632301279196,6.0281640790194e-17
1602,1017,"GSM7476448_CAACCTCCACCTATCC-1","GSM7476448","II",0.0754549136214801,0
1603,1332,"GSM7476450_GCCAGCATCCACCCTA-1","GSM7476450","III",0.0251037051606031,0
1604,730,"GSM7476446_GACAGAGAGTGCGATG-1","GSM7476446","II",0.0606263665681235,0
1605,814,"GSM7476446_TGCCCTATCAAGGTAA-1","GSM7476446","II",0.0392086094832533,0
1606,1223,"GSM7476450_AGACACTTCTCACCCA-1","GSM7476450","III",0.0213292211810003,0
1607,209,"GSM7476441_CGGAGCTAGTCAAGGC-1","GSM7476441","I",-0.018365421875021,0
1608,781,"GSM7476446_GTCATTTAGCCCGAAA-1","GSM7476446","II",0.0360862201065562,0
1609,1208,"GSM7476450_AATCACGAGGCATGGT-1","GSM7476450","III",0.0305732460424148,0
1610,328,"GSM7476442_GTAACGTAGGTGCACA-1","GSM7476442","I",-0.0641830484860305,0
1611,1050,"GSM7476448_GACACGCCACTATCTT-1","GSM7476448","II",0.0311402374482466,0
1612,995,"GSM7476448_AAAGTAGAGAATGTTG-1","GSM7476448","II",0.0723071508718035,0
1613,177,"GSM7476441_AAACCTGGTTTGGGCC-1","GSM7476441","I",-0.0475569944765551,0
1614,767,"GSM7476446_GGCCGATCAGCTTAAC-1","GSM7476446","II",-0.0499780184849052,0
1615,1642,"GSM7476453_CCAATTTAGCGAGAAA-1","GSM7476453","III",-0.0334696700715535,0
1616,480,"GSM7476444_CGTGAGCTCACTTCAT-1","GSM7476444","I",-0.0259962963073146,0
1617,682,"GSM7476446_CCTACACGTTCGGCAC-1","GSM7476446","II",0.0510225650694041,0
1618,1270,"GSM7476450_CATTGTTGTACGAGTG-1","GSM7476450","III",0.0267796874078541,0
1619,150,"GSM7476440_GGCCGATGTGCAGACA-1","GSM7476440","I",-0.0436916858834055,0
1620,718,"GSM7476446_CTGATAGCATTCACTT-1","GSM7476446","II",0.0868850117821089,0
1621,1242,"GSM7476450_ATCCACCTCCACACAA-1","GSM7476450","III",-0.0545230295688292,0
1622,530,"GSM7476444_GTTAAGCTCTGCAAGT-1","GSM7476444","I",0.0601591644860303,0
1623,252,"GSM7476442_AGCATACTCATCTGCC-1","GSM7476442","I",-0.0743299823177604,0
1624,314,"GSM7476442_GCAATCACATCCCATC-1","GSM7476442","I",-0.137421107860116,0
1625,537,"GSM7476444_TAGCCGGTCTCAAGTG-1","GSM7476444","I",-0.001029524522717,4.98732999343332e-17
1626,271,"GSM7476442_CAGCGACAGAGCTGGT-1","GSM7476442","I",-0.0820546117599052,0
1627,1366,"GSM7476450_TAAGCCATCCAGCACG-1","GSM7476450","III",0.003120143392264,3.98986399474666e-17
1628,1596,"GSM7476453_ACCATTTAGAGTTGCG-1","GSM7476453","III",-0.0345401795456876,0
1629,142,"GSM7476440_GACACGCAGACTAGAT-1","GSM7476440","I",-0.058049663660769,0
1630,588,"GSM7476445_GGGCACTAGAACAACT-1","GSM7476445","I",-0.0168004173407307,0
1631,1576,"GSM7476452_CACGTTCTCGACTCCT-1","GSM7476452","III",0.0409918699053419,0
1632,1150,"GSM7476449_CTTACCGGTACCGCTG-1","GSM7476449","II",0.019389271502239,0
1633,1040,"GSM7476448_CGTCACTAGTCTCCTC-1","GSM7476448","II",-0.0003166673682396,4.99817201515818e-17
1634,1243,"GSM7476450_ATCCTATAGGCTATCT-1","GSM7476450","III",0.0855678554995444,0
1635,1083,"GSM7476448_TGACTTTGTAAGTTCC-1","GSM7476448","II",0.0160319156927631,0
1636,156,"GSM7476440_GTTCATTTCACTGGGC-1","GSM7476440","I",-0.119638554724238,0
1637,1269,"GSM7476450_CATTGCCGTCCGGACT-1","GSM7476450","III",0.0551631878801544,0
1638,309,"GSM7476442_GACAGAGCAGGAATCG-1","GSM7476442","I",-0.113453116604119,0
1639,707,"GSM7476446_CGTCAGGGTCTAAAGA-1","GSM7476446","II",0.0375362079933275,0
1640,1240,"GSM7476450_ATCCACCCAGTCTCTC-1","GSM7476450","III",-0.041334973755689,0
1641,580,"GSM7476445_CTCTAATAGTGCCAGA-1","GSM7476445","I",-0.001169353054929,8.00141203294302e-17
1642,17,"GSM7476438_CGTGTAAAGGTAGCTG-1","GSM7476438","I",-0.0242299360641014,0
1643,1641,"GSM7476453_CATGGTATCAAAGACA-1","GSM7476453","III",0.0118330588524723,0
1644,1378,"GSM7476450_TCAGGGCAGGGCTTCC-1","GSM7476450","III",0.0559546551227077,0
1645,417,"GSM7476444_AAAGATGTCGCCTGAG-1","GSM7476444","I",-0.0184872223320295,0
1646,449,"GSM7476444_ATAAGAGGTATAATGG-1","GSM7476444","I",-0.0480460675502927,0
1647,1096,"GSM7476449_AACTCCCCAAGGTGTG-1","GSM7476449","II",0.0387009174486551,0
1648,50,"GSM7476438_TAGCCGGTCACCGTAA-1","GSM7476438","I",-0.0154641240673047,0
1649,178,"GSM7476441_AAACGGGTCAACCAAC-1","GSM7476441","I",-0.044265764368306,0
1650,1550,"GSM7476451_TGCATCCGTTCGGGTC-1","GSM7476451","III",-0.0212228747764098,0
1651,134,"GSM7476440_CTGAAGTTCCTGCCAT-1","GSM7476440","I",-0.0851919459820424,0
1652,1275,"GSM7476450_CCACGTTCAGCACACC-1","GSM7476450","III",-0.0142020770896212,0
1653,821,"GSM7476446_TGGGCGTCATGCCACG-1","GSM7476446","II",0.0384280169610077,0
1654,218,"GSM7476441_GCTCTGTTCCCTCTTT-1","GSM7476441","I",-0.0352843497082098,0
1655,765,"GSM7476446_GGCAATTAGTACGCCC-1","GSM7476446","II",0.0137262754202816,0
1656,1423,"GSM7476450_TTTAGTCAGCCATTCA-1","GSM7476450","III",0.0875575447518872,0
1657,268,"GSM7476442_CACAGTATCTTCAACT-1","GSM7476442","I",-0.124982585658194,0
1658,219,"GSM7476441_GCTGCGATCCACTCCA-1","GSM7476441","I",-0.0167008496199945,0
1659,1179,"GSM7476449_TAGAGCTGTAGCCTCG-1","GSM7476449","II",0.0242070690078797,0
1660,1371,"GSM7476450_TACTTACAGATAGCAT-1","GSM7476450","III",0.0039368769459462,8.06646416329215e-17
1661,128,"GSM7476440_CGCGGTAGTAAACGCG-1","GSM7476440","I",-0.0662418428120042,0
1662,155,"GSM7476440_GTGTTAGCAAGAAGAG-1","GSM7476440","I",-0.138544785009452,0
1663,1670,"GSM7476453_CTGCGAGAGGCTTCCG-1","GSM7476453","III",0.0314116793224863,0
1664,1220,"GSM7476450_ACTATCTGTGACTCTA-1","GSM7476450","III",0.0345264452112239,0
1665,1118,"GSM7476449_ATTGGACTCGGAAACG-1","GSM7476449","II",0.0332262403233856,0
1666,523,"GSM7476444_GTCACAATCCACGTTC-1","GSM7476444","I",-0.0167014174967724,0
1667,882,"GSM7476447_CAAGATCTCAGTCAGT-1","GSM7476447","II",0.0345424382344384,0
1668,322,"GSM7476442_GGACAGATCATGTAGC-1","GSM7476442","I",-0.105630674681673,0
1669,1380,"GSM7476450_TCATGCCTCGCCTCTA-1","GSM7476450","III",0.0701252790835013,0
1670,1758,"GSM7476453_TCATGTTGTCCGGTGT-1","GSM7476453","III",0.174184400176656,0
1671,214,"GSM7476441_GAAATGATCCCTCAGT-1","GSM7476441","I",-0.0372548808836514,0
1672,1226,"GSM7476450_AGACTCACAACGGCTC-1","GSM7476450","III",0.0629662759996394,0
1673,484,"GSM7476444_CTCAGAAGTTGAGTTC-1","GSM7476444","I",-0.003414233042506,5.98479599211998e-17
1674,304,"GSM7476442_CTGATAGCAGGATCGA-1","GSM7476442","I",-0.0490671812503518,0
1675,255,"GSM7476442_AGTAGTCGTCCAACTA-1","GSM7476442","I",-0.11145416875591,0
1676,676,"GSM7476446_CCGTGGACACGGCGTT-1","GSM7476446","II",0.119941575942482,0
1677,696,"GSM7476446_CGATTGATCCTCAACC-1","GSM7476446","II",0.0613087219096844,0
1678,1216,"GSM7476450_ACCATTTCAGTCTGGC-1","GSM7476450","III",0.0607886129845964,0
1679,1231,"GSM7476450_AGGCCACCACTCAGAT-1","GSM7476450","III",0.0632167323870434,0
1680,1733,"GSM7476453_TAACTTCAGCAAGCCA-1","GSM7476453","III",-0.0231175752451801,0
1681,196,"GSM7476441_CAACCTCTCTCGATGA-1","GSM7476441","I",0.0068111839906118,9.0205620750794e-17
1682,685,"GSM7476446_CCTATTATCTTTACAC-1","GSM7476446","II",0.0487499845134282,0
1683,650,"GSM7476446_CACACAAAGCGCTCCA-1","GSM7476446","II",0.126484487706557,0
1684,1048,"GSM7476448_GAACCTACACATGGGA-1","GSM7476448","II",0.111578093114543,0
1685,194,"GSM7476441_ATGCGATGTACCGTTA-1","GSM7476441","I",0.102944381435898,0
1686,788,"GSM7476446_GTTAAGCCACCCATGG-1","GSM7476446","II",0.0147490396467044,0
1687,1394,"GSM7476450_TCTACATCAGCATTGT-1","GSM7476450","III",0.0682536454657905,0
1688,527,"GSM7476444_GTCTTCGGTCAGCTAT-1","GSM7476444","I",0.0641184350884514,0
1689,387,"GSM7476443_CGGTTAATCAGTGTTG-1","GSM7476443","I",-0.0405164941160102,0
1690,673,"GSM7476446_CCATGTCTCAAACCAC-1","GSM7476446","II",0.0514727823028881,0
1691,794,"GSM7476446_TAGGCATCACGGACAA-1","GSM7476446","II",-0.0127228510574349,0
1692,312,"GSM7476442_GATCAGTAGCTAAGAT-1","GSM7476442","I",-0.143433631268838,0
1693,317,"GSM7476442_GCATGCGCAAGCCATT-1","GSM7476442","I",-0.122442599100228,0
1694,641,"GSM7476446_ATGAGGGCACCCAGTG-1","GSM7476446","II",0.0150077023760067,0
1695,378,"GSM7476443_CCAATCCGTACAGTGG-1","GSM7476443","I",-0.0133659006223089,0
1696,1663,"GSM7476453_CTATCTACACTGAATC-1","GSM7476453","III",0.0674463032867046,0
1697,170,"GSM7476440_TTCTTAGCACTTCGAA-1","GSM7476440","I",-0.0406427523941097,0
1698,1699,"GSM7476453_GCACGTGCAGCGGATA-1","GSM7476453","III",-0.018237967847503,0
1699,1274,"GSM7476450_CCAATTTTCACCTCGT-1","GSM7476450","III",-0.0524789890008365,0
1700,806,"GSM7476446_TCCACACCAGACGCAA-1","GSM7476446","II",0.0319704038568226,0
1701,269,"GSM7476442_CACCAGGCATACGCCG-1","GSM7476442","I",-0.0606625134846676,0
1702,52,"GSM7476438_TCAGGTACATAGAAAC-1","GSM7476438","I",-0.0180107526502504,0
1703,1205,"GSM7476450_AAGACTCTCCGGCTTT-1","GSM7476450","III",-0.0508971999610375,0
1704,1094,"GSM7476449_AACCATGTCAGCACAT-1","GSM7476449","II",-0.0098347069709291,3.98986399474666e-17
1705,120,"GSM7476440_CCCTCCTTCATCGCTC-1","GSM7476440","I",-0.0185774716021089,0
1706,397,"GSM7476443_GAGTCCGGTTTGCATG-1","GSM7476443","I",-0.0167625603329321,0
1707,709,"GSM7476446_CGTGAGCCAAGCCCAC-1","GSM7476446","II",0.0781694368090504,0
1708,374,"GSM7476443_CAGCAGCTCCGTTGCT-1","GSM7476443","I",-0.0541277118143049,0
1709,1232,"GSM7476450_AGGTCATCATACTGAC-1","GSM7476450","III",0.0190585076942133,0
1710,131,"GSM7476440_CTACACCCAGTTCCCT-1","GSM7476440","I",-0.0779533465555926,0
1711,1452,"GSM7476451_ATGCGATAGTTCAACC-1","GSM7476451","III",-0.0016631584828418,3.98986399474666e-17
1712,1254,"GSM7476450_CAAGAGGCAGTTTGGT-1","GSM7476450","III",0.120345056399772,0
1713,203,"GSM7476441_CCTCAGTGTAGTAGTA-1","GSM7476441","I",-0.0181156916153937,0
1714,339,"GSM7476442_GTGCTTCTCCTATTCA-1","GSM7476442","I",-0.0831333779609821,0
1715,797,"GSM7476446_TAGTTGGAGTCTCGGC-1","GSM7476446","II",-0.0162968879244536,0
1716,168,"GSM7476440_TGTTCCGGTTCGTGAT-1","GSM7476440","I",-0.0639721404277183,0
1717,402,"GSM7476443_GTACGTACACATAACC-1","GSM7476443","I",-0.043611558218969,0
1718,1338,"GSM7476450_GGCTGTGAGAAACTAC-1","GSM7476450","III",0.0088017296528205,2.94902990916057e-17
1719,713,"GSM7476446_CTCAGAAAGAGACTTA-1","GSM7476446","II",0.054601540245135,0
1720,1425,"GSM7476450_TTTGGTTTCGTCACCT-1","GSM7476450","III",0.0200243729835697,0
1721,675,"GSM7476446_CCCAGTTCACAGACAG-1","GSM7476446","II",0.0466318484396241,0
1722,364,"GSM7476442_TTCCCAGCAGGAATGC-1","GSM7476442","I",-0.0795320314366067,0
1723,699,"GSM7476446_CGCTGGACATACCATG-1","GSM7476446","II",0.029814783976304,0
1724,1302,"GSM7476450_CTGAATGTCTAGCCTC-1","GSM7476450","III",0.0117436142511694,0
1725,766,"GSM7476446_GGCAATTGTCCAACTA-1","GSM7476446","II",0.076761698526458,0
1726,825,"GSM7476446_TGTCCCAAGCGATGAC-1","GSM7476446","II",0.0652271082420317,0
1727,368,"GSM7476443_AAGGCAGTCATCTGTT-1","GSM7476443","I",-0.0711633548352332,0
1728,1700,"GSM7476453_GCAGTTATCATGCAGT-1","GSM7476453","III",0.0200775725947672,0
1729,277,"GSM7476442_CCACTACGTTCGTTGA-1","GSM7476442","I",-0.0990871380529942,0
1730,753,"GSM7476446_GCCAAATCACGGCCAT-1","GSM7476446","II",0.0625503544548342,0
1731,400,"GSM7476443_GGGAGATCACCTTGTC-1","GSM7476443","I",-0.0163850642259209,0
1732,96,"GSM7476439_TGCTGCTCAATTCCTT-1","GSM7476439","I",0.0395064067683167,0
1733,326,"GSM7476442_GGTGTTACACCGGAAA-1","GSM7476442","I",-0.0872737692468289,0
1734,701,"GSM7476446_CGGACGTAGTCCCACG-1","GSM7476446","II",0.0173120646542821,0
1735,1305,"GSM7476450_CTGCCTATCCGACAGC-1","GSM7476450","III",0.129575739343548,0
1736,905,"GSM7476447_CGGGTCAAGATGCGAC-1","GSM7476447","II",-0.0154653804331414,0
1737,495,"GSM7476444_GACGCGTAGGTGTGGT-1","GSM7476444","I",-0.0781028809505638,0
1738,1032,"GSM7476448_CCTAAAGTCTCAACTT-1","GSM7476448","II",0.0388567288644067,0
1739,1350,"GSM7476450_GTCAAGTAGCGGGTTA-1","GSM7476450","III",0.0530335735978082,0
1740,108,"GSM7476440_AGGCCACGTACAGCAG-1","GSM7476440","I",0.0063803463161299,8.93382590128056e-17
1741,321,"GSM7476442_GGAAAGCTCCAAAGTC-1","GSM7476442","I",-0.136090525173206,0
1742,1187,"GSM7476449_TCTTTCCCACATCCAA-1","GSM7476449","II",0.0271608504818862,0
1743,660,"GSM7476446_CATATGGCAATGTTGC-1","GSM7476446","II",0.0575698511601813,0
1744,140,"GSM7476440_GAACGGACACAGGTTT-1","GSM7476440","I",-0.008405178644107,1.04083408558608e-17
1745,494,"GSM7476444_GACCAATAGTAGATGT-1","GSM7476444","I",-0.0421080055606496,0
1746,1381,"GSM7476450_TCATGTTTCTTGTGCC-1","GSM7476450","III",0.0457159897327591,0
1747,132,"GSM7476440_CTACCCACAATGGACG-1","GSM7476440","I",0.002808389722172,9.0205620750794e-17
1748,872,"GSM7476447_AGTGAGGTCACATACG-1","GSM7476447","II",-0.0081792736410841,2.94902990916057e-17
1749,774,"GSM7476446_GGGTCTGTCTCACATT-1","GSM7476446","II",0.0589139948176583,0
1750,728,"GSM7476446_GAAATGACAGACGCAA-1","GSM7476446","II",-0.0173753048536241,0
1751,109,"GSM7476440_AGGTCCGTCGACCAGC-1","GSM7476440","I",-0.0073556227167718,1.99493199737333e-17
1752,164,"GSM7476440_TGAGCCGAGGGTTCCC-1","GSM7476440","I",-0.0378309852968053,0
1753,1149,"GSM7476449_CTTACCGAGTGGAGTC-1","GSM7476449","II",0.0933585745475249,0
1754,1388,"GSM7476450_TCCTCGACAGCTGTTA-1","GSM7476450","III",0.0788236304870673,0
1755,483,"GSM7476444_CTACCCATCGATAGAA-1","GSM7476444","I",-0.0114302141638,0
1756,1157,"GSM7476449_GCGCGATGTGAGGGAG-1","GSM7476449","II",0.112228537199085,0
1757,229,"GSM7476441_TGACTAGGTAGGGTAC-1","GSM7476441","I",-0.0108210951557761,0
1758,768,"GSM7476446_GGCCGATTCACGCATA-1","GSM7476446","II",-0.0226185382148213,0
1759,679,"GSM7476446_CCTAAAGAGCGTCTAT-1","GSM7476446","II",0.0568810001227897,0
1760,247,"GSM7476442_ACTGAGTTCAAGGCTT-1","GSM7476442","I",-0.0776813966044285,0
1761,1328,"GSM7476450_GCAGGCTTCTCGACCT-1","GSM7476450","III",0.109337816265167,0
1762,171,"GSM7476440_TTCTTAGGTGACGGTA-1","GSM7476440","I",0.0216084493003736,0
1763,390,"GSM7476443_CGTCTACTCACTATTC-1","GSM7476443","I",-0.0134862990791657,0
1764,638,"GSM7476446_ATCCACCAGTAATCCC-1","GSM7476446","II",0.106692807476677,0
1765,1545,"GSM7476451_TCGGATACAGAGCTAG-1","GSM7476451","III",-0.0530485946723397,0
1766,394,"GSM7476443_CTGTGCTGTGCGATAG-1","GSM7476443","I",-0.0105199016304506,0
1767,212,"GSM7476441_CTACGTCTCAAGATCC-1","GSM7476441","I",-0.0140611833388776,0
1768,222,"GSM7476441_GTAACTGGTTCCACTC-1","GSM7476441","I",0.0283943993950559,0
1769,653,"GSM7476446_CACCACTTCTACGAGT-1","GSM7476446","II",0.188668667846079,0
1770,754,"GSM7476446_GCCAAATCAGGCGATA-1","GSM7476446","II",0.17609583051088,0
1771,231,"GSM7476441_TGTCCCAGTATAATGG-1","GSM7476441","I",-0.0451763351217773,0
1772,176,"GSM7476440_TTTGCGCCACTGTGTA-1","GSM7476440","I",-0.0432862954281262,0
1773,804,"GSM7476446_TCATTTGGTAAACGCG-1","GSM7476446","II",-0.0127356657650104,0
1774,206,"GSM7476441_CGAGCCACATCACAAC-1","GSM7476441","I",-0.0147679628867791,0
1775,160,"GSM7476440_TCAGGTATCAGTTCGA-1","GSM7476440","I",-0.0441352987810451,0
1776,102,"GSM7476440_AAGGCAGTCAAACCGT-1","GSM7476440","I",-0.051677790524522,0
1777,820,"GSM7476446_TGGGCGTAGTGGTAAT-1","GSM7476446","II",-0.0182766920682977,0
1778,33,"GSM7476438_GAGTCCGGTCGTTGTA-1","GSM7476438","I",-0.0179647787556825,0
1779,174,"GSM7476440_TTGAACGTCGGCTACG-1","GSM7476440","I",-0.0549882693247693,0
1780,466,"GSM7476444_CATGGCGCACGCTTTC-1","GSM7476444","I",0.0073688204846582,0
1781,1281,"GSM7476450_CCTGCATGTAGAGATT-1","GSM7476450","III",0.0615089091051848,0
1782,486,"GSM7476444_CTCATTATCACTGGGC-1","GSM7476444","I",-0.0420675921013748,0
1783,335,"GSM7476442_GTCTCGTAGCTTATCG-1","GSM7476442","I",0.0014430309783435,4.98732999343332e-17
1784,210,"GSM7476441_CGTTGGGCAATAAGCA-1","GSM7476441","I",0.0324474842817764,0
1785,1632,"GSM7476453_CAGCAATCAAAGGCAC-1","GSM7476453","III",0.005924280559943,3.03576608295941e-17
1786,659,"GSM7476446_CATATGGAGCGCCTCA-1","GSM7476446","II",0.0325495195765096,0
1787,735,"GSM7476446_GACGGCTGTGTCTGAT-1","GSM7476446","II",0.0344069552539952,0
1788,782,"GSM7476446_GTCTTCGAGCTGAAAT-1","GSM7476446","II",-0.0141321226991314,0
1789,217,"GSM7476441_GCGCAGTCACGGCCAT-1","GSM7476441","I",-0.0177168099659291,0
1790,381,"GSM7476443_CCTATTACACCAGGCT-1","GSM7476443","I",-0.0065653078437245,5.98479599211998e-17
1791,403,"GSM7476443_GTCATTTAGCGTCTAT-1","GSM7476443","I",-0.0147865355440877,0
1792,1584,"GSM7476452_TGGGCGTAGGTCGTCC-1","GSM7476452","III",0.0389942232839979,0
1793,143,"GSM7476440_GAGTCCGCAGGAACGT-1","GSM7476440","I",-0.0129861187213423,0
1794,1027,"GSM7476448_CATCCACGTCTAAAGA-1","GSM7476448","II",-0.0117759223548421,0
1795,299,"GSM7476442_CTAGCCTAGATCACGG-1","GSM7476442","I",-0.174694387244236,0
1796,889,"GSM7476447_CAGCTAACAGTCTTCC-1","GSM7476447","II",-0.0129227279629531,0
1797,647,"GSM7476446_ATTCTACCATGAGCGA-1","GSM7476446","II",0.0830324073109728,0
1798,1626,"GSM7476453_CAACCTCAGGATTTGA-1","GSM7476453","III",0.0709440707270515,0
1799,1028,"GSM7476448_CATCGAAGTTCCACAA-1","GSM7476448","II",0.0334593297168055,0
1800,1415,"GSM7476450_TTCCTTCCAACCAACT-1","GSM7476450","III",-0.0423879106731358,0
